a_mm,Dh_mm,Re,PEC_Gyroid,j_Gyroid,f_Gyroid,PEC_Diamond,j_Diamond,f_Diamond,PEC_Primitive,j_Primitive,f_Primitive,PEC_Neovius,j_Neovius,f_Neovius,PEC_FRD,j_FRD,f_FRD,PEC_FKS,j_FKS,f_FKS,j_SmoothPlateFin,f_SmoothPlateFin
2.000000e+00,8.276057e-01,8.276057e+01,9.835685e-01,8.566219e-02,1.033654e+00,8.576643e-01,7.624524e-02,1.099279e+00,3.470185e-01,3.284078e-02,1.326185e+00,4.170740e-01,3.950149e-02,1.329300e+00,6.845009e-01,6.335083e-02,1.240385e+00,9.956674e-01,9.072467e-02,1.183736e+00,4.980714e-02,1.933288e-01
2.275862e+00,9.417582e-01,9.417582e+01,1.040238e+00,8.240728e-02,1.007284e+00,8.980765e-01,7.263890e-02,1.072066e+00,3.701780e-01,3.179687e-02,1.284030e+00,4.429967e-01,3.799957e-02,1.278757e+00,7.192587e-01,6.054966e-02,1.208741e+00,1.037851e+00,8.626610e-02,1.163507e+00,4.376991e-02,1.698950e-01
2.551724e+00,1.055911e+00,1.055911e+02,1.093136e+00,7.962862e-02,9.844974e-01,9.354460e-01,6.958831e-02,1.048533e+00,3.919715e-01,3.090028e-02,1.247824e+00,4.672918e-01,3.671744e-02,1.235611e+00,7.515054e-01,5.817294e-02,1.181397e+00,1.076692e+00,8.250152e-02,1.145884e+00,3.903803e-02,1.515280e-01
2.827586e+00,1.170063e+00,1.170063e+02,1.142883e+00,7.721532e-02,9.644909e-01,9.702973e-01,6.696040e-02,1.027858e+00,4.126155e-01,3.011736e-02,1.216207e+00,4.902224e-01,3.560391e-02,1.198139e+00,7.816673e-01,5.611995e-02,1.157389e+00,1.112777e+00,7.926380e-02,1.130299e+00,3.522944e-02,1.367447e-01
3.103448e+00,1.284216e+00,1.284216e+02,1.189951e+00,7.509015e-02,9.467001e-01,1.003023e+00,6.466321e-02,1.009462e+00,4.322748e-01,2.942455e-02,1.188230e+00,5.119881e-01,3.462335e-02,1.165141e+00,8.100645e-01,5.432094e-02,1.136040e+00,1.146545e+00,7.643772e-02,1.116350e+00,3.209793e-02,1.245897e-01
3.379310e+00,1.398368e+00,1.398368e+02,1.234704e+00,7.319734e-02,9.307128e-01,1.033926e+00,6.263087e-02,9.929217e-01,4.510780e-01,2.880474e-02,1.163201e+00,5.327444e-01,3.375002e-02,1.135752e+00,8.369445e-01,5.272578e-02,1.116855e+00,1.178332e+00,7.394080e-02,1.103740e+00,2.947769e-02,1.144191e-01
3.655172e+00,1.512521e+00,1.512521e+02,1.277431e+00,7.149541e-02,9.162199e-01,1.063245e+00,6.081469e-02,9.779205e-01,4.691282e-01,2.824515e-02,1.140603e+00,5.526151e-01,3.296478e-02,1.109327e+00,8.625029e-01,5.129737e-02,1.099464e+00,1.208404e+00,7.171220e-02,1.092246e+00,2.725296e-02,1.057837e-01
3.931034e+00,1.626673e+00,1.626673e+02,1.318368e+00,6.995275e-02,9.029838e-01,1.091171e+00,5.917781e-02,9.642138e-01,4.865092e-01,2.773602e-02,1.120044e+00,5.717010e-01,3.225302e-02,1.085375e+00,8.868976e-01,5.000753e-02,1.083581e+00,1.236971e+00,6.970588e-02,1.081696e+00,2.534047e-02,9.836026e-02
4.206897e+00,1.740826e+00,1.740826e+02,1.357708e+00,6.854475e-02,8.908179e-01,1.117863e+00,5.769169e-02,9.516102e-01,5.032903e-01,2.726971e-02,1.101213e+00,5.900850e-01,3.160341e-02,1.063514e+00,9.102582e-01,4.883444e-02,1.068982e+00,1.264208e+00,6.788627e-02,1.071953e+00,2.367880e-02,9.191040e-02
4.482759e+00,1.854978e+00,1.854978e+02,1.395612e+00,6.725192e-02,8.795737e-01,1.143451e+00,5.633385e-02,9.399567e-01,5.195296e-01,2.684013e-02,1.083865e+00,6.078367e-01,3.100694e-02,1.043442e+00,9.326920e-01,4.776084e-02,1.055488e+00,1.290258e+00,6.622537e-02,1.062909e+00,2.222165e-02,8.625438e-02
4.758621e+00,1.969131e+00,1.969131e+02,1.432217e+00,6.605856e-02,8.691307e-01,1.168045e+00,5.508629e-02,9.291297e-01,5.352765e-01,2.644239e-02,1.067804e+00,6.250147e-01,3.045637e-02,1.024914e+00,9.542898e-01,4.677291e-02,1.042957e+00,1.315241e+00,6.470077e-02,1.054475e+00,2.093344e-02,8.125412e-02
5.034483e+00,2.083283e+00,2.083283e+02,1.467638e+00,6.495190e-02,8.593901e-01,1.191736e+00,5.393440e-02,9.190273e-01,5.505732e-01,2.607247e-02,1.052866e+00,6.416694e-01,2.994581e-02,1.007733e+00,9.751286e-01,4.585943e-02,1.031268e+00,1.339259e+00,6.329431e-02,1.046578e+00,1.978640e-02,7.680184e-02
5.310345e+00,2.197436e+00,2.197436e+02,1.501976e+00,6.392138e-02,8.502698e-01,1.214607e+00,5.286618e-02,9.095652e-01,5.654562e-01,2.572706e-02,1.038917e+00,6.578442e-01,2.947038e-02,9.917339e-01,9.952746e-01,4.501112e-02,1.020324e+00,1.362400e+00,6.199108e-02,1.039157e+00,1.875853e-02,7.281214e-02
5.586207e+00,2.311588e+00,2.311588e+02,1.535318e+00,6.295820e-02,8.417011e-01,1.236725e+00,5.187165e-02,9.006726e-01,5.799574e-01,2.540339e-02,1.025846e+00,6.735767e-01,2.902601e-02,9.767802e-01,1.014785e+00,4.422032e-02,1.010041e+00,1.384738e+00,6.077871e-02,1.032160e+00,1.783219e-02,6.921648e-02
5.862069e+00,2.425741e+00,2.425741e+02,1.567739e+00,6.205493e-02,8.336258e-01,1.258150e+00,5.094245e-02,8.922895e-01,5.941048e-01,2.509910e-02,1.013559e+00,6.889000e-01,2.860930e-02,9.627570e-01,1.033710e+00,4.348055e-02,1.000351e+00,1.406340e+00,5.964681e-02,1.025544e+00,1.699302e-02,6.595923e-02
6.137931e+00,2.539893e+00,2.539893e+02,1.599307e+00,6.120529e-02,8.259940e-01,1.278936e+00,5.007151e-02,8.843647e-01,6.079231e-01,2.481221e-02,1.001973e+00,7.038434e-01,2.821733e-02,9.495664e-01,1.052093e+00,4.278634e-02,9.911928e-01,1.427262e+00,5.858663e-02,1.019272e+00,1.622929e-02,6.299477e-02
6.413793e+00,2.654046e+00,2.654046e+02,1.630082e+00,6.040389e-02,8.187632e-01,1.299129e+00,4.925279e-02,8.768542e-01,6.214341e-01,2.454100e-02,9.910211e-01,7.184326e-01,2.784762e-02,9.371249e-01,1.069974e+00,4.213302e-02,9.825159e-01,1.447555e+00,5.759069e-02,1.013312e+00,1.553126e-02,6.028532e-02
6.689655e+00,2.768198e+00,2.768198e+02,1.660115e+00,5.964608e-02,8.118963e-01,1.318770e+00,4.848111e-02,8.697198e-01,6.346576e-01,2.428399e-02,9.806424e-01,7.326909e-01,2.749802e-02,9.253603e-01,1.087387e+00,4.151657e-02,9.742756e-01,1.467264e+00,5.665257e-02,1.007636e+00,1.489079e-02,5.779933e-02
6.965517e+00,2.882351e+00,2.882351e+02,1.689454e+00,5.892784e-02,8.053611e-01,1.337897e+00,4.775199e-02,8.629283e-01,6.476111e-01,2.403990e-02,9.707855e-01,7.466390e-01,2.716667e-02,9.142100e-01,1.104362e+00,4.093352e-02,9.664333e-01,1.486428e+00,5.576674e-02,1.002219e+00,1.430106e-02,5.551024e-02
7.241379e+00,2.996503e+00,2.996503e+02,1.718143e+00,5.824565e-02,7.991293e-01,1.356542e+00,4.706152e-02,8.564506e-01,6.603106e-01,2.380760e-02,9.614048e-01,7.602954e-01,2.685197e-02,9.036195e-01,1.120927e+00,4.038084e-02,9.589552e-01,1.505084e+00,5.492838e-02,9.970392e-01,1.375626e-02,5.339557e-02
7.517241e+00,3.110656e+00,3.110656e+02,1.746219e+00,5.759644e-02,7.931761e-01,1.374736e+00,4.640631e-02,8.502611e-01,6.727704e-01,2.358611e-02,9.524606e-01,7.736771e-01,2.655247e-02,8.935408e-01,1.137108e+00,3.985587e-02,9.518113e-01,1.523264e+00,5.413327e-02,9.920789e-01,1.325144e-02,5.143610e-02
7.793103e+00,3.224808e+00,3.224808e+02,1.773717e+00,5.697747e-02,7.874794e-01,1.392504e+00,4.578335e-02,8.443370e-01,6.850036e-01,2.337455e-02,9.439174e-01,7.867993e-01,2.626693e-02,8.839319e-01,1.152926e+00,3.935629e-02,9.449753e-01,1.540996e+00,5.337772e-02,9.873207e-01,1.278236e-02,4.961535e-02
8.068966e+00,3.338961e+00,3.338961e+02,1.800669e+00,5.638635e-02,7.820198e-01,1.409872e+00,4.518999e-02,8.386582e-01,6.970221e-01,2.317216e-02,9.357442e-01,7.996760e-01,2.599424e-02,8.747553e-01,1.168403e+00,3.888003e-02,9.384237e-01,1.558307e+00,5.265846e-02,9.827496e-01,1.234536e-02,4.791910e-02
8.344828e+00,3.453113e+00,3.453113e+02,1.827104e+00,5.582093e-02,7.767796e-01,1.426862e+00,4.462389e-02,8.332066e-01,7.088369e-01,2.297823e-02,9.279130e-01,8.123201e-01,2.573341e-02,8.659778e-01,1.183557e+00,3.842525e-02,9.321356e-01,1.575221e+00,5.197258e-02,9.783524e-01,1.193725e-02,4.633500e-02
8.620690e+00,3.567266e+00,3.567266e+02,1.853048e+00,5.527929e-02,7.717434e-01,1.443494e+00,4.408296e-02,8.279660e-01,7.204579e-01,2.279216e-02,9.203990e-01,8.247431e-01,2.548355e-02,8.575696e-01,1.198405e+00,3.799033e-02,9.260921e-01,1.591759e+00,5.131753e-02,9.741169e-01,1.155526e-02,4.485228e-02
8.896552e+00,3.681418e+00,3.681418e+02,1.878527e+00,5.475973e-02,7.668969e-01,1.459788e+00,4.356531e-02,8.229220e-01,7.318945e-01,2.261338e-02,9.131796e-01,8.369558e-01,2.524387e-02,8.495040e-01,1.212963e+00,3.757381e-02,9.202763e-01,1.607942e+00,5.069097e-02,9.700324e-01,1.119695e-02,4.346151e-02
9.172414e+00,3.795571e+00,3.795571e+02,1.903561e+00,5.426070e-02,7.622275e-01,1.475759e+00,4.306928e-02,8.180613e-01,7.431550e-01,2.244140e-02,9.062348e-01,8.489683e-01,2.501367e-02,8.417573e-01,1.227245e+00,3.717436e-02,9.146729e-01,1.623787e+00,5.009086e-02,9.660889e-01,1.086020e-02,4.215440e-02
9.448276e+00,3.909723e+00,3.909723e+02,1.928173e+00,5.378080e-02,7.577236e-01,1.491423e+00,4.259334e-02,8.133721e-01,7.542475e-01,2.227577e-02,8.995462e-01,8.607895e-01,2.479229e-02,8.343076e-01,1.241265e+00,3.679082e-02,9.092683e-01,1.639313e+00,4.951532e-02,9.622776e-01,1.054312e-02,4.092361e-02
9.724138e+00,4.023876e+00,4.023876e+02,1.952381e+00,5.331878e-02,7.533748e-01,1.506796e+00,4.213614e-02,8.088436e-01,7.651792e-01,2.211608e-02,8.930974e-01,8.724280e-01,2.457917e-02,8.271354e-01,1.255034e+00,3.642210e-02,9.040498e-01,1.654533e+00,4.896268e-02,9.585904e-01,1.024402e-02,3.976266e-02
1.000000e+01,4.138029e+00,4.138029e+02,1.976202e+00,5.287349e-02,7.491716e-01,1.521891e+00,4.169644e-02,8.044659e-01,7.759569e-01,2.196195e-02,8.868734e-01,8.838918e-01,2.437376e-02,8.202230e-01,1.268564e+00,3.606723e-02,8.990059e-01,1.669463e+00,4.843141e-02,9.550198e-01,9.961428e-03,3.866576e-02
