Re,j_Gyroid,f_Gyroid,Nu_Gyroid,j_Diamond,f_Diamond,Nu_Diamond,j_Primitive,f_Primitive,Nu_Primitive,j_Neovius,f_Neovius,Nu_Neovius,j_FRD,f_FRD,Nu_FRD,j_FKS,f_FKS,Nu_FKS,j_SmoothPlateFin,f_SmoothPlateFin,Nu_SmoothPlateFin,PEC_Gyroid,PEC_Diamond,PEC_Primitive,PEC_Neovius,PEC_FRD,PEC_FKS
1.000000e+02,8.093803e-02,9.952679e-01,7.186520e+00,7.102259e-02,1.059658e+00,6.306124e+00,3.132343e-02,1.264911e+00,2.781220e+00,3.732162e-02,1.255943e+00,3.313802e+00,5.929124e-02,1.194322e+00,5.264493e+00,8.427069e-02,1.154231e+00,7.482428e+00,4.122067e-02,1.600000e-01,3.660000e+00,1.067655e+00,9.174863e-01,3.814529e-01,4.555774e-01,7.359953e-01,1.058044e+00
1.081181e+02,7.906603e-02,9.798517e-01,7.590218e+00,6.897388e-02,1.043733e+00,6.621387e+00,3.071813e-02,1.240468e+00,2.948893e+00,3.645785e-02,1.226876e+00,3.499898e+00,5.769340e-02,1.175822e+00,5.538478e+00,8.174406e-02,1.142275e+00,7.847305e+00,3.812561e-02,1.479864e-01,3.660000e+00,1.104401e+00,9.433626e-01,3.966341e-01,4.724777e-01,7.583495e-01,1.084900e+00
1.168952e+02,7.723732e-02,9.646743e-01,8.016593e+00,6.698426e-02,1.028047e+00,6.952410e+00,3.012452e-02,1.216496e+00,3.126675e+00,3.561407e-02,1.198481e+00,3.696444e+00,5.613862e-02,1.157609e+00,5.826723e+00,7.929319e-02,1.130443e+00,8.229975e+00,3.526294e-02,1.368748e-01,3.660000e+00,1.142413e+00,9.699688e-01,4.124195e-01,4.900050e-01,7.813826e-01,1.112438e+00
1.263848e+02,7.545091e-02,9.497319e-01,8.466920e+00,6.505204e-02,1.012597e+00,7.299983e+00,2.954238e-02,1.192989e+00,3.315175e+00,3.478981e-02,1.170743e+00,3.904029e+00,5.462574e-02,1.139678e+00,6.129969e+00,7.691579e-02,1.118733e+00,8.631305e+00,3.261521e-02,1.265975e-01,3.660000e+00,1.181732e+00,9.973253e-01,4.288331e-01,5.081826e-01,8.051153e-01,1.140674e+00
1.366448e+02,7.370582e-02,9.350210e-01,8.942543e+00,6.317555e-02,9.973797e-01,7.664932e+00,2.897150e-02,1.169935e+00,3.515039e+00,3.398463e-02,1.143647e+00,4.123270e+00,5.315363e-02,1.122025e+00,6.448997e+00,7.460968e-02,1.107145e+00,9.052206e+00,3.016629e-02,1.170919e-01,3.660000e+00,1.222405e+00,1.025453e+00,4.459000e-01,5.270344e-01,8.295689e-01,1.169627e+00
1.477378e+02,7.200109e-02,9.205380e-01,9.444884e+00,6.135320e-02,9.823907e-01,8.048125e+00,2.841165e-02,1.147327e+00,3.726953e+00,3.319809e-02,1.117178e+00,4.354824e+00,5.172119e-02,1.104646e+00,6.784628e+00,7.237271e-02,1.095677e+00,9.493632e+00,2.790124e-02,1.083000e-01,3.660000e+00,1.264478e+00,1.054375e+00,4.636461e-01,5.465856e-01,8.547651e-01,1.199315e+00
1.597312e+02,7.033579e-02,9.062793e-01,9.975444e+00,5.958341e-02,9.676270e-01,8.450476e+00,2.786261e-02,1.125155e+00,3.951643e+00,3.242975e-02,1.091322e+00,4.599382e+00,5.032735e-02,1.087535e+00,7.137727e+00,7.020281e-02,1.084327e+00,9.956584e+00,2.580627e-02,1.001683e-01,3.660000e+00,1.307998e+00,1.084112e+00,4.820985e-01,5.668620e-01,8.807267e-01,1.229757e+00
1.726983e+02,6.870900e-02,8.922414e-01,1.053581e+01,5.786467e-02,9.530851e-01,8.872941e+00,2.732419e-02,1.103413e+00,4.189878e+00,3.167919e-02,1.066065e+00,4.857673e+00,4.897108e-02,1.070690e+00,7.509203e+00,6.809797e-02,1.073096e+00,1.044211e+01,2.386860e-02,9.264710e-02,3.660000e+00,1.353017e+00,1.114688e+00,5.012853e-01,5.878907e-01,9.074767e-01,1.260971e+00
1.867181e+02,6.711985e-02,8.784210e-01,1.112765e+01,5.619551e-02,9.387618e-01,9.316527e+00,2.679617e-02,1.082090e+00,4.442476e+00,3.094601e-02,1.041392e+00,5.130469e+00,4.765136e-02,1.054105e+00,7.900012e+00,6.605624e-02,1.061980e+00,1.095132e+01,2.207642e-02,8.569067e-02,3.660000e+00,1.399585e+00,1.146126e+00,5.212356e-01,6.096994e-01,9.350393e-01,1.292977e+00
2.018760e+02,6.556744e-02,8.648147e-01,1.175274e+01,5.457450e-02,9.246538e-01,9.782289e+00,2.627835e-02,1.061179e+00,4.710303e+00,3.022979e-02,1.017290e+00,5.418585e+00,4.636720e-02,1.037778e+00,8.311160e+00,6.407572e-02,1.050980e+00,1.148535e+01,2.041881e-02,7.925656e-02,3.660000e+00,1.447756e+00,1.178451e+00,5.419800e-01,6.323172e-01,9.634389e-01,1.325796e+00
2.182645e+02,6.405094e-02,8.514191e-01,1.241294e+01,5.300024e-02,9.107578e-01,1.027134e+01,2.577054e-02,1.040673e+00,4.994276e+00,2.953015e-02,9.937453e-01,5.722881e+00,4.511765e-02,1.021703e+00,8.743706e+00,6.215458e-02,1.040093e+00,1.204543e+01,1.888565e-02,7.330556e-02,3.660000e+00,1.497585e+00,1.211687e+00,5.635499e-01,6.557740e-01,9.927012e-01,1.359448e+00
2.359833e+02,6.256952e-02,8.382310e-01,1.311023e+01,5.147140e-02,8.970706e-01,1.078483e+01,2.527254e-02,1.020563e+00,5.295370e+00,2.884670e-02,9.707460e-01,6.044265e+00,4.390177e-02,1.005877e+00,9.198763e+00,6.029105e-02,1.029320e+00,1.263282e+01,1.746762e-02,6.780139e-02,3.660000e+00,1.549128e+00,1.245861e+00,5.859783e-01,6.801010e-01,1.022852e+00,1.393954e+00
2.551407e+02,6.112236e-02,8.252472e-01,1.384668e+01,4.998666e-02,8.835891e-01,1.132400e+01,2.478417e-02,1.000841e+00,5.614616e+00,2.817907e-02,9.482789e-01,6.383698e+00,4.271866e-02,9.902967e-01,9.677503e+00,5.848338e-02,1.018658e+00,1.324885e+01,1.615606e-02,6.271051e-02,3.660000e+00,1.602446e+00,1.280999e+00,6.092993e-01,7.053305e-01,1.053919e+00,1.429336e+00
2.758532e+02,5.970867e-02,8.124645e-01,1.462451e+01,4.854475e-02,8.703102e-01,1.189012e+01,2.430523e-02,9.815004e-01,5.953108e+00,2.752689e-02,9.263319e-01,6.742192e+00,4.156744e-02,9.749574e-01,1.018116e+01,5.672992e-02,1.008106e+00,1.389492e+01,1.494298e-02,5.800187e-02,3.660000e+00,1.657599e+00,1.317127e+00,6.335485e-01,7.314958e-01,1.085929e+00,1.465616e+00
2.982471e+02,5.832768e-02,7.998798e-01,1.544603e+01,4.714443e-02,8.572309e-01,1.248454e+01,2.383555e-02,9.625337e-01,6.312007e+00,2.688981e-02,9.048928e-01,7.120819e+00,4.044724e-02,9.598558e-01,1.071103e+01,5.502902e-02,9.976637e-01,1.457250e+01,1.382098e-02,5.364679e-02,3.660000e+00,1.714650e+00,1.354275e+00,6.587627e-01,7.586318e-01,1.118912e+00,1.502817e+00
3.224591e+02,5.697862e-02,7.874901e-01,1.631370e+01,4.578451e-02,8.443481e-01,1.310869e+01,2.337495e-02,9.439334e-01,6.692544e+00,2.626747e-02,8.839499e-01,7.520709e+00,3.935722e-02,9.449881e-01,1.126847e+01,5.337913e-02,9.873296e-01,1.528312e+01,1.278323e-02,4.961870e-02,3.660000e+00,1.773665e+00,1.392471e+00,6.849804e-01,7.867745e-01,1.152896e+00,1.540962e+00
3.486365e+02,5.566078e-02,7.752922e-01,1.723011e+01,4.446381e-02,8.316589e-01,1.376403e+01,2.292324e-02,9.256926e-01,7.096022e+00,2.565953e-02,8.634916e-01,7.943055e+00,3.829658e-02,9.303507e-01,1.185493e+01,5.177870e-02,9.771025e-01,1.602839e+01,1.182339e-02,4.589307e-02,3.660000e+00,1.834711e+00,1.431743e+00,7.122416e-01,8.159611e-01,1.187913e+00,1.580076e+00
3.769391e+02,5.437341e-02,7.632833e-01,1.819800e+01,4.318121e-02,8.191605e-01,1.445214e+01,2.248027e-02,9.078042e-01,7.523825e+00,2.506566e-02,8.435069e-01,8.389120e+00,3.726453e-02,9.159400e-01,1.247191e+01,5.022625e-02,9.669813e-01,1.681001e+01,1.093563e-02,4.244718e-02,3.660000e+00,1.897858e+00,1.472123e+00,7.405877e-01,8.462305e-01,1.223993e+00,1.620182e+00
4.075393e+02,5.311581e-02,7.514604e-01,1.922026e+01,4.193561e-02,8.068498e-01,1.517464e+01,2.204585e-02,8.902616e-01,7.977419e+00,2.448554e-02,8.239847e-01,8.860234e+00,3.626029e-02,9.017525e-01,1.312099e+01,4.872036e-02,9.569650e-01,1.762974e+01,1.011453e-02,3.926002e-02,3.660000e+00,1.963178e+00,1.513642e+00,7.700619e-01,8.776228e-01,1.261169e+00,1.661306e+00
4.406236e+02,5.188731e-02,7.398207e-01,2.029995e+01,4.072594e-02,7.947242e-01,1.593327e+01,2.161983e-02,8.730579e-01,8.458360e+00,2.391884e-02,8.049143e-01,9.357805e+00,3.528311e-02,8.877848e-01,1.380386e+01,4.725961e-02,9.470524e-01,1.848945e+01,9.355075e-03,3.631217e-02,3.660000e+00,2.030747e+00,1.556333e+00,8.007091e-01,9.101796e-01,1.299474e+00,1.703474e+00
4.763938e+02,5.068721e-02,7.283612e-01,2.144028e+01,3.955116e-02,7.827808e-01,1.672982e+01,2.120205e-02,8.561867e-01,8.968295e+00,2.336526e-02,7.862853e-01,9.883319e+00,3.433226e-02,8.740334e-01,1.452227e+01,4.584266e-02,9.372425e-01,1.939107e+01,8.652647e-03,3.358566e-02,3.660000e+00,2.100641e+00,1.600227e+00,8.325761e-01,9.439442e-01,1.338943e+00,1.746713e+00
5.150678e+02,4.951488e-02,7.170792e-01,2.264468e+01,3.841027e-02,7.710169e-01,1.756620e+01,2.079233e-02,8.396415e-01,9.508973e+00,2.282450e-02,7.680875e-01,1.043834e+01,3.340704e-02,8.604950e-01,1.527807e+01,4.446819e-02,9.275342e-01,2.033667e+01,8.002960e-03,3.106387e-02,3.660000e+00,2.172941e+00,1.645359e+00,8.657113e-01,9.789613e-01,1.379610e+00,1.791048e+00
5.568814e+02,4.836965e-02,7.059720e-01,2.391672e+01,3.730229e-02,7.594298e-01,1.844439e+01,2.039053e-02,8.234160e-01,1.008225e+01,2.229624e-02,7.503108e-01,1.102454e+01,3.250675e-02,8.471664e-01,1.607320e+01,4.313493e-02,9.179265e-01,2.132838e+01,7.402056e-03,2.873143e-02,3.660000e+00,2.247729e+00,1.691764e+00,9.001652e-01,1.015277e+00,1.421513e+00,1.836510e+00
6.020894e+02,4.725092e-02,6.950368e-01,2.526023e+01,3.622627e-02,7.480168e-01,1.936648e+01,1.999650e-02,8.075041e-01,1.069008e+01,2.178022e-02,7.329455e-01,1.164365e+01,3.163073e-02,8.340442e-01,1.690971e+01,4.184164e-02,9.084183e-01,2.236844e+01,6.846271e-03,2.657412e-02,3.660000e+00,2.325091e+00,1.739477e+00,9.359904e-01,1.052941e+00,1.464688e+00,1.883125e+00
6.509675e+02,4.615806e-02,6.842710e-01,2.667921e+01,3.518129e-02,7.367754e-01,2.033467e+01,1.961008e-02,7.918997e-01,1.133456e+01,2.127614e-02,7.159822e-01,1.229754e+01,3.077831e-02,8.211252e-01,1.778976e+01,4.058714e-02,8.990086e-01,2.345923e+01,6.332216e-03,2.457880e-02,3.660000e+00,2.405116e+00,1.788537e+00,9.732413e-01,1.092001e+00,1.509174e+00,1.930923e+00
7.038136e+02,4.509048e-02,6.736720e-01,2.817789e+01,3.416645e-02,7.257028e-01,2.135126e+01,1.923113e-02,7.765968e-01,1.201790e+01,2.078372e-02,6.994114e-01,1.298814e+01,2.994886e-02,8.084064e-01,1.871561e+01,3.937024e-02,8.896963e-01,2.460321e+01,5.856760e-03,2.273329e-02,3.660000e+00,2.487895e+00,1.838980e+00,1.011975e+00,1.132511e+00,1.555012e+00,1.979934e+00
7.609497e+02,4.404759e-02,6.632371e-01,2.976076e+01,3.318089e-02,7.147967e-01,2.241868e+01,1.885951e-02,7.615896e-01,1.274243e+01,2.030270e-02,6.832242e-01,1.371752e+01,2.914177e-02,7.958845e-01,1.968965e+01,3.818983e-02,8.804805e-01,2.580297e+01,5.417004e-03,2.102636e-02,3.660000e+00,2.573523e+00,1.890846e+00,1.052250e+00,1.174523e+00,1.602242e+00,2.030190e+00
8.227241e+02,4.302882e-02,6.529639e-01,3.143255e+01,3.222376e-02,7.040545e-01,2.353946e+01,1.849506e-02,7.468724e-01,1.351064e+01,1.983281e-02,6.674116e-01,1.448787e+01,2.835643e-02,7.835567e-01,2.071437e+01,3.704481e-02,8.713602e-01,2.706124e+01,5.010267e-03,1.944759e-02,3.660000e+00,2.662098e+00,1.944174e+00,1.094128e+00,1.218094e+00,1.650907e+00,2.081721e+00
8.895135e+02,4.203361e-02,6.428498e-01,3.319826e+01,3.129423e-02,6.934737e-01,2.471627e+01,1.813766e-02,7.324397e-01,1.432517e+01,1.937380e-02,6.519649e-01,1.530148e+01,2.759225e-02,7.714197e-01,2.179243e+01,3.593412e-02,8.623344e-01,2.838086e+01,4.634069e-03,1.798736e-02,3.660000e+00,2.753722e+00,1.999007e+00,1.137672e+00,1.263281e+00,1.701049e+00,2.134560e+00
9.617249e+02,4.106142e-02,6.328923e-01,3.506314e+01,3.039152e-02,6.830519e-01,2.595191e+01,1.778716e-02,7.182858e-01,1.518880e+01,1.892541e-02,6.368758e-01,1.616077e+01,2.684867e-02,7.594708e-01,2.292660e+01,3.485674e-02,8.534020e-01,2.976484e+01,4.286119e-03,1.663677e-02,3.660000e+00,2.848500e+00,2.055386e+00,1.182950e+00,1.310144e+00,1.752715e+00,2.188741e+00
1.039798e+03,4.011172e-02,6.230891e-01,3.703279e+01,2.951485e-02,6.727868e-01,2.724932e+01,1.744343e-02,7.044054e-01,1.610450e+01,1.848740e-02,6.221359e-01,1.706833e+01,2.612512e-02,7.477070e-01,2.411979e+01,3.381165e-02,8.445622e-01,3.121631e+01,3.964295e-03,1.538760e-02,3.660000e+00,2.946539e+00,2.113355e+00,1.230029e+00,1.358746e+00,1.805949e+00,2.244296e+00
1.124210e+03,3.918398e-02,6.134378e-01,3.911308e+01,2.866347e-02,6.626759e-01,2.861160e+01,1.710635e-02,6.907933e-01,1.707540e+01,1.805952e-02,6.077371e-01,1.802685e+01,2.542108e-02,7.361253e-01,2.537508e+01,3.279790e-02,8.358139e-01,3.273856e+01,3.666634e-03,1.423222e-02,3.660000e+00,3.047953e+00,2.172959e+00,1.278982e+00,1.409151e+00,1.860801e+00,2.301262e+00
1.215474e+03,3.827770e-02,6.039359e-01,4.131023e+01,2.783664e-02,6.527170e-01,3.004199e+01,1.677578e-02,6.774442e-01,1.810484e+01,1.764155e-02,5.936716e-01,1.903920e+01,2.473600e-02,7.247231e-01,2.669570e+01,3.181454e-02,8.271563e-01,3.433503e+01,3.391324e-03,1.316359e-02,3.660000e+00,3.152857e+00,2.234244e+00,1.329884e+00,1.461426e+00,1.917318e+00,2.359674e+00
1.314147e+03,3.739238e-02,5.945812e-01,4.363081e+01,2.703367e-02,6.429077e-01,3.154388e+01,1.645160e-02,6.643531e-01,1.919634e+01,1.723326e-02,5.799316e-01,2.010839e+01,2.406939e-02,7.134975e-01,2.808505e+01,3.086067e-02,8.185883e-01,3.600936e+01,3.136686e-03,1.217519e-02,3.660000e+00,3.261372e+00,2.297258e+00,1.382811e+00,1.515640e+00,1.975553e+00,2.419568e+00
1.420831e+03,3.652754e-02,5.853714e-01,4.608174e+01,2.625386e-02,6.332459e-01,3.312085e+01,1.613369e-02,6.515150e-01,2.035364e+01,1.683441e-02,5.665096e-01,2.123764e+01,2.342074e-02,7.024457e-01,2.954671e+01,2.993540e-02,8.101091e-01,3.776534e+01,2.901167e-03,1.126102e-02,3.660000e+00,3.373622e+00,2.362049e+00,1.437845e+00,1.571865e+00,2.035556e+00,2.480982e+00
1.536175e+03,3.568270e-02,5.763043e-01,4.867034e+01,2.549654e-02,6.237292e-01,3.477667e+01,1.582192e-02,6.389249e-01,2.158071e+01,1.644479e-02,5.533983e-01,2.243030e+01,2.278958e-02,6.915652e-01,3.108444e+01,2.903787e-02,8.017177e-01,3.960695e+01,2.683332e-03,1.041548e-02,3.660000e+00,3.489735e+00,2.428667e+00,1.495069e+00,1.630176e+00,2.097381e+00,2.543956e+00
1.660883e+03,3.485740e-02,5.673776e-01,5.140437e+01,2.476107e-02,6.143556e-01,3.651526e+01,1.551617e-02,6.265781e-01,2.288177e+01,1.606419e-02,5.405904e-01,2.368993e+01,2.217542e-02,6.808532e-01,3.270219e+01,2.816724e-02,7.934132e-01,4.153836e+01,2.481853e-03,9.633431e-03,3.660000e+00,3.609845e+00,2.497164e+00,1.554570e+00,1.690650e+00,2.161084e+00,2.608528e+00
1.795714e+03,3.405119e-02,5.585892e-01,5.429197e+01,2.404681e-02,6.051229e-01,3.834077e+01,1.521633e-02,6.144700e-01,2.426125e+01,1.569240e-02,5.280789e-01,2.502031e+01,2.157782e-02,6.703071e-01,3.440415e+01,2.732272e-02,7.851948e-01,4.356396e+01,2.295503e-03,8.910102e-03,3.660000e+00,3.734088e+00,2.567593e+00,1.616440e+00,1.753367e+00,2.226722e+00,2.674738e+00
1.941492e+03,3.326363e-02,5.499369e-01,5.734178e+01,2.335316e-02,5.960289e-01,4.025754e+01,1.492229e-02,6.025958e-01,2.572391e+01,1.532921e-02,5.158570e-01,2.642539e+01,2.099631e-02,6.599243e-01,3.619468e+01,2.650353e-02,7.770614e-01,4.568833e+01,2.123144e-03,8.241085e-03,3.660000e+00,3.862608e+00,2.640008e+00,1.680771e+00,1.818411e+00,2.294354e+00,2.742630e+00
2.099104e+03,3.249428e-02,5.414187e-01,6.056292e+01,2.267952e-02,5.870715e-01,4.227014e+01,1.463392e-02,5.909511e-01,2.727475e+01,1.497443e-02,5.039180e-01,2.790939e+01,2.043048e-02,6.497024e-01,3.807839e+01,2.570889e-02,7.690124e-01,4.791630e+01,1.963727e-03,7.622301e-03,3.660000e+00,3.995551e+00,2.714465e+00,1.747664e+00,1.885868e+00,2.364039e+00,2.812244e+00
2.269511e+03,3.174272e-02,5.330324e-01,6.396500e+01,2.202531e-02,5.782488e-01,4.438336e+01,1.435113e-02,5.795314e-01,2.891908e+01,1.462786e-02,4.922552e-01,2.947672e+01,1.987990e-02,6.396388e-01,4.006014e+01,2.493808e-02,7.610467e-01,5.025291e+01,1.816280e-03,7.049978e-03,3.660000e+00,4.133069e+00,2.791023e+00,1.817218e+00,1.955827e+00,2.435842e+00,2.883626e+00
2.453751e+03,3.100855e-02,5.247759e-01,6.755819e+01,2.138996e-02,5.695587e-01,4.660222e+01,1.407381e-02,5.683323e-01,3.066254e+01,1.428931e-02,4.808624e-01,3.113206e+01,1.934416e-02,6.297311e-01,4.214503e+01,2.419038e-02,7.531635e-01,5.270347e+01,4.714492e-03,1.220292e-02,1.027144e+01,1.877341e+00,1.260135e+00,8.297181e-01,8.906850e-01,1.102092e+00,1.298372e+00
2.652948e+03,3.029136e-02,5.166474e-01,7.135322e+01,2.077295e-02,5.609992e-01,4.893201e+01,1.380184e-02,5.573497e-01,3.251112e+01,1.395860e-02,4.697333e-01,3.288037e+01,1.882285e-02,6.199769e-01,4.433843e+01,2.346509e-02,7.453620e-01,5.527352e+01,4.641467e-03,1.187711e-02,1.093327e+01,1.855677e+00,1.238110e+00,8.244091e-01,8.826864e-01,1.085114e+00,1.272179e+00
2.868317e+03,2.959075e-02,5.086448e-01,7.536144e+01,2.017374e-02,5.525683e-01,5.137827e+01,1.353513e-02,5.465793e-01,3.447114e+01,1.363554e-02,4.588618e-01,3.472686e+01,1.831560e-02,6.103737e-01,4.664598e+01,2.276156e-02,7.376412e-01,5.796891e+01,4.569573e-03,1.156417e-02,1.163774e+01,1.834483e+00,1.216616e+00,8.192328e-01,8.748649e-01,1.068526e+00,1.246664e+00
3.101169e+03,2.890635e-02,5.007661e-01,7.959481e+01,1.959181e-02,5.442641e-01,5.394683e+01,1.327358e-02,5.360171e-01,3.654933e+01,1.331996e-02,4.482418e-01,3.667705e+01,1.782201e-02,6.009193e-01,4.907362e+01,2.207911e-02,7.300005e-01,6.079573e+01,4.498792e-03,1.126344e-02,1.238761e+01,1.813744e+00,1.195636e+00,8.141844e-01,8.672144e-01,1.052315e+00,1.221804e+00
3.352924e+03,2.823778e-02,4.930095e-01,8.406599e+01,1.902666e-02,5.360847e-01,5.664380e+01,1.301707e-02,5.256589e-01,3.875280e+01,1.301168e-02,4.378677e-01,3.873675e+01,1.734172e-02,5.916114e-01,5.162760e+01,2.141713e-02,7.224389e-01,6.376040e+01,4.429108e-03,1.097429e-02,1.318579e+01,1.793445e+00,1.175152e+00,8.092595e-01,8.597291e-01,1.036468e+00,1.197577e+00
3.625117e+03,2.758468e-02,4.853730e-01,8.878834e+01,1.847782e-02,5.280282e-01,5.947559e+01,1.276553e-02,5.155010e-01,4.108912e+01,1.271054e-02,4.277336e-01,4.091212e+01,1.687438e-02,5.824476e-01,5.431451e+01,2.077500e-02,7.149556e-01,6.686964e+01,4.360503e-03,1.069613e-02,1.403540e+01,1.773570e+00,1.155147e+00,8.044540e-01,8.524031e-01,1.020973e+00,1.173961e+00
3.919407e+03,2.694667e-02,4.778548e-01,9.377596e+01,1.794481e-02,5.200928e-01,6.244896e+01,1.251884e-02,5.055393e-01,4.356629e+01,1.241636e-02,4.178341e-01,4.320965e+01,1.641963e-02,5.734257e-01,5.714125e+01,2.015211e-02,7.075499e-01,7.013051e+01,4.292961e-03,1.042841e-02,1.493975e+01,1.754105e+00,1.135606e+00,7.997637e-01,8.452313e-01,1.005820e+00,1.150935e+00
4.237587e+03,2.632343e-02,4.704530e-01,9.904376e+01,1.742718e-02,5.122767e-01,6.557098e+01,1.227693e-02,4.957701e-01,4.619280e+01,1.212900e-02,4.081637e-01,4.563621e+01,1.597714e-02,5.645436e-01,6.011511e+01,1.954791e-02,7.002208e-01,7.355038e+01,4.226465e-03,1.017063e-02,1.590237e+01,1.735038e+00,1.116514e+00,7.951848e-01,8.382085e-01,9.909956e-01,1.128480e+00
4.581598e+03,2.571460e-02,4.631659e-01,1.046075e+02,1.692447e-02,5.045780e-01,6.884908e+01,1.203968e-02,4.861897e-01,4.897766e+01,1.184828e-02,3.987172e-01,4.819904e+01,1.554657e-02,5.557991e-01,6.324374e+01,1.896182e-02,6.929677e-01,7.713703e+01,4.160999e-03,9.922278e-03,1.692702e+01,1.716355e+00,1.097856e+00,7.907137e-01,8.313297e-01,9.764908e-01,1.106577e+00
4.953535e+03,2.511985e-02,4.559917e-01,1.104837e+02,1.643627e-02,4.969950e-01,7.229105e+01,1.180702e-02,4.767944e-01,5.193041e+01,1.157407e-02,3.894892e-01,5.090580e+01,1.512761e-02,5.471901e-01,6.653520e+01,1.839330e-02,6.857897e-01,8.089857e+01,4.096547e-03,9.682918e-03,1.801770e+01,1.698044e+00,1.079618e+00,7.863469e-01,8.245904e-01,9.622950e-01,1.085209e+00
5.355667e+03,2.453886e-02,4.489286e-01,1.166901e+02,1.596215e-02,4.895260e-01,7.590511e+01,1.157886e-02,4.675807e-01,5.506117e+01,1.130620e-02,3.804748e-01,5.376455e+01,1.471993e-02,5.387143e-01,6.999796e+01,1.784182e-02,6.786860e-01,8.484355e+01,4.033094e-03,9.452116e-03,1.917864e+01,1.680093e+00,1.061787e+00,7.820810e-01,8.179860e-01,9.483987e-01,1.064358e+00
5.790444e+03,2.397130e-02,4.419749e-01,1.232451e+02,1.550171e-02,4.821692e-01,7.969984e+01,1.135511e-02,4.585451e-01,5.838069e+01,1.104452e-02,3.716691e-01,5.678385e+01,1.432324e-02,5.303699e-01,7.364093e+01,1.730689e-02,6.716560e-01,8.898090e+01,3.970623e-03,9.229468e-03,2.041440e+01,1.662491e+00,1.044351e+00,7.779127e-01,8.115122e-01,9.347927e-01,1.044007e+00
6.260517e+03,2.341687e-02,4.351289e-01,1.301683e+02,1.505455e-02,4.749230e-01,8.368428e+01,1.113568e-02,4.496840e-01,6.190032e+01,1.078891e-02,3.630671e-01,5.997271e+01,1.393725e-02,5.221547e-01,7.747350e+01,1.678799e-02,6.646987e-01,9.332001e+01,3.909120e-03,9.014596e-03,2.172977e+01,1.645228e+00,1.027298e+00,7.738391e-01,8.051651e-01,9.214681e-01,1.024142e+00
6.768750e+03,2.287527e-02,4.283890e-01,1.374804e+02,1.462028e-02,4.677857e-01,8.786791e+01,1.092049e-02,4.409942e-01,6.563215e+01,1.053921e-02,3.546643e-01,6.334065e+01,1.356165e-02,5.140668e-01,8.150553e+01,1.628464e-02,6.578136e-01,9.787071e+01,3.848570e-03,8.807141e-03,2.312990e+01,1.628292e+00,1.010615e+00,7.698572e-01,7.989406e-01,9.084165e-01,1.004746e+00
7.318242e+03,2.234619e-02,4.217535e-01,1.452032e+02,1.419855e-02,4.607557e-01,9.226070e+01,1.070946e-02,4.324723e-01,6.958897e+01,1.029529e-02,3.464559e-01,6.689772e+01,1.319618e-02,5.061042e-01,8.574740e+01,1.579639e-02,6.509997e-01,1.026433e+02,3.788957e-03,8.606766e-03,2.462025e+01,1.611675e+00,9.942922e-01,7.659642e-01,7.928350e-01,8.956297e-01,9.858056e-01
7.912343e+03,2.182935e-02,4.152207e-01,1.533599e+02,1.378898e-02,4.538313e-01,9.687310e+01,1.050251e-02,4.241151e-01,7.378432e+01,1.005701e-02,3.384375e-01,7.065455e+01,1.284055e-02,4.982648e-01,9.021004e+01,1.532278e-02,6.442564e-01,1.076487e+02,3.730268e-03,8.413152e-03,2.620663e+01,1.595367e+00,9.783183e-01,7.621574e-01,7.868448e-01,8.831000e-01,9.673067e-01
8.554673e+03,2.132446e-02,4.087891e-01,1.619748e+02,1.339122e-02,4.470109e-01,1.017161e+02,1.029955e-02,4.159194e-01,7.823261e+01,9.824253e-03,3.306047e-01,7.462235e+01,1.249451e-02,4.905469e-01,9.490493e+01,1.486337e-02,6.375830e-01,1.128981e+02,3.672488e-03,8.225998e-03,2.789522e+01,1.579359e+00,9.626831e-01,7.584342e-01,7.809664e-01,8.708199e-01,9.492359e-01
9.249147e+03,2.083125e-02,4.024572e-01,1.710736e+02,1.300494e-02,4.402931e-01,1.068012e+02,1.010052e-02,4.078820e-01,8.294908e+01,9.596879e-03,3.229531e-01,7.881298e+01,1.215780e-02,4.829486e-01,9.984416e+01,1.441773e-02,6.309787e-01,1.184035e+02,3.615603e-03,8.045021e-03,2.969261e+01,1.563641e+00,9.473769e-01,7.547921e-01,7.751967e-01,8.587821e-01,9.315804e-01
1.000000e+04,2.034945e-02,3.962233e-01,1.806836e+02,1.262980e-02,4.336762e-01,1.121405e+02,9.905338e-03,4.000000e-01,8.794989e+01,9.374768e-03,3.154787e-01,8.323894e+01,1.183016e-02,4.754680e-01,1.050404e+02,1.398545e-02,6.244428e-01,1.241774e+02,3.559599e-03,7.869951e-03,3.160582e+01,1.548207e+00,9.323900e-01,7.512288e-01,7.695323e-01,8.469799e-01,9.143279e-01
