Position_Normalized,T_Hot_K,P_Hot_Pa,x_para_Hot,rho_Hot,mu_Hot,cp_Hot,k_Hot,h_enthalpy_Hot,T_Cold_K,P_Cold_Pa,rho_Cold,mu_Cold,cp_Cold,k_Cold,h_enthalpy_Cold,x_para_Equilibrium,Q_Exchange_W,U_Overall_W_m2K,Re_Hot,Pr_Hot,Nu_Hot,f_Hot,htc_Hot,Re_Cold,Pr_Cold,Nu_Cold,f_Cold,htc_Cold,j_Hot,j_Cold,PEC_Hot,PEC_Cold,Ex_dest_W,S_gen_W_K
0.0,78.0,2000000.0,0.452,6.384938281593234,3.60227167127651e-06,12053.703224855115,0.06153548336144452,1407252.7259345069,79.63005978864842,1499858.9677960027,8.844702063158898,8.68001147388306e-06,5235.581502301143,0.06496766332151015,421485.3615304303,0.4956063817580611,0.04657543767133759,461.4893621098814,282.7636915644343,0.7056207457708122,49.40767846663735,102.78064925013736,1469.4559794504987,352.04776069322173,0.6995004951530095,17.343529409271625,0.7737839040081786,505.6919093351575,0.19626688280568572,0.055497474391551796,0.04189960280067957,0.06045051275428722,26.117685291474903,0.08764323923313726
0.01,78.38247969557442,1999960.4010466388,0.45866234443004694,6.349234803712542,3.6136775640853027e-06,12060.326829480111,0.06173369086474616,1407250.1384101885,79.62990269151614,1499860.5185717342,8.844729019534219,8.680000978694552e-06,5235.581731613491,0.06496758025096146,421484.49902221526,0.49300356192580896,0.0472788986651477,461.8886005542764,281.8712012138131,0.705969979580736,49.385009210684586,102.86962929384774,1473.5127498242762,352.04819290302515,0.6995005756071063,17.34354503653534,0.7737837140130814,505.69170840652185,0.1967655308730255,0.055497454135100474,0.04199394064179469,0.06045049563766532,16.49544242231186,0.055353833631919
0.02,78.68547808282763,1999920.5449506538,0.46394721383297916,6.321236140264255,3.6227060580190805e-06,12066.131949968087,0.06189102636252807,1407247.5118046987,79.62974323067523,1499862.0693421117,8.844756247451757,8.679990322251509e-06,5235.581963765842,0.06496749589862723,421483.62348710326,0.49096158177589,0.04727769748412124,462.2057408158772,281.16872290353666,0.7062744291226108,49.367570928746645,102.94006269159517,1476.7465321952877,352.04862510301507,0.6995006560593899,17.34356066344005,0.7737835240225779,505.69150748292816,0.19715914355021324,0.055497433879141564,0.04206834692887995,0.06045047852145818,10.456848640444361,0.035090096108873696
0.03,78.92492635512613,1999880.4849176,0.46812858363270476,6.299275014041839,3.6298360242442544e-06,12071.065801136356,0.062015549143613055,1407244.8852659673,79.62958377385647,1499863.6201071353,8.844783474986041,8.679979666076588e-06,5235.582195914729,0.06496741154843756,421482.7479741814,0.4893602703125153,0.04692647158655916,462.45686357428065,280.6164325288509,0.7065323148960644,49.354113597926116,102.9956852296117,1479.314336375678,352.0490540389501,0.699500735920151,17.343576172466626,0.7737833354671948,505.691308102196,0.1974692972047887,0.05549741377622549,0.04212693895729233,0.060450461534578594,6.684637977533542,0.0224316710655488
0.04,79.1137812358101,1999840.263509015,0.47143000427404796,6.282045110729586,3.635456030786635e-06,12075.170876758684,0.06211386632249666,1407242.2782397682,79.62942549721623,1499865.170866833,8.844810567057841,8.679969090404955e-06,5235.582426647648,0.06496732783817476,421481.87896547146,0.48810497146275666,0.046573295941083975,462.6551989955156,280.18263105432993,0.7067464221075554,49.34370052223773,103.0395282181595,1481.3469762200932,352.04947969271643,0.6995008151861071,17.343591562961034,0.7737831483548886,505.6911102728767,0.1977133375940888,0.0554973938272007,0.04217301790736152,0.060450444677743596,4.337029125671773,0.014553789012321384
0.05,79.26249571222232,1999799.9146225825,0.4740323468204806,6.268522699735026,3.6398789871081083e-06,12078.53446353498,0.062191340773377055,1407239.690834437,79.62926840735612,1499866.7216212335,8.844837522914602,8.679958595682625e-06,5235.582655956722,0.06496724477138394,421481.01649699546,0.48712121880699516,0.04622262358860902,462.81151296377806,279.84217041166073,0.7069216267436127,49.33562533805522,103.07403273730688,1482.9519287015482,352.04990208751786,0.6995008938614653,17.34360683576133,0.7737829626754527,505.6909139839955,0.1979051310133562,0.05549737403097869,0.04220921722087179,0.06045042795003336,2.880443578688385,0.009665918049289882
0.06,79.37945049958626,1999759.4651614858,0.47608096182201093,6.257905356456527,3.6433554083162107e-06,12081.259358192863,0.06225229231950947,1407237.1229109145,79.62911249582326,1499868.2723703645,8.844864343518841,8.679948181336917e-06,5235.582883852003,0.06496716234351245,421480.1605224743,0.48635047875002757,0.04587446848049936,462.9344930681455,279.57515027579365,0.7070634667721042,49.329352111024164,103.1011531141365,1484.216569516829,352.050321246767,0.6995009719504672,17.343621991713107,0.7737827784185891,505.6907192244809,0.19805571485517143,0.055497354386461244,0.04223762961727918,0.060450411350519886,1.9789058409343205,0.006640623627296377
0.07,79.47133127555409,1999718.936417775,0.477692023651178,6.249564141753819,3.646084914977535e-06,12083.447847277588,0.062300179502294675,1407234.5743293297,79.62895775419126,1499869.823114254,8.844891029841685,8.67993784679e-06,5235.583110343641,0.0649670805499671,421479.3109952175,0.48574677656219395,0.11402445654061857,463.0309147441917,279.36585667654595,0.7071773672057212,49.32447201655508,103.12244663548583,1485.2113490016309,352.05137401054617,0.6995011648562911,17.3436600287373,0.7737823156387129,505.69022505284545,0.19817384426023438,0.055497305040446865,0.042259912935470795,0.06045036965172716,1.4222253713400932,0.0047725683602016546
0.08,79.5431604929376,1999678.3452051063,0.47895814787879903,6.243033390443283,3.648216902320989e-06,12085.193443225719,0.06233759848876463,1407228.2396373362,79.62857401508177,1499871.373847446,8.844944016501508,8.679911890566434e-06,5235.5836118573625,0.06496687458119073,421477.19943121326,0.48527592259940305,0.5115439407285991,463.10511851423945,279.202597614222,0.7072682948372045,49.320693994145806,103.13907876855866,1485.9895741390653,352.0561226797431,0.6995020275027509,17.34383153401626,0.7737802282123989,505.68798439241266,0.19826603784807662,0.05549708244344869,0.04227730013140422,0.06045018154693179,1.0800265464815104,0.0036242501559782224
0.09,79.59776892301394,1999637.70499398,0.47995372603505276,6.2380559132338105,3.649833688580274e-06,12086.576729409753,0.06236597823204468,1407199.8205294914,79.62685453224012,1499872.9245381118,8.8451504180962,8.679794812556505e-06,5235.5857176507,0.06496594429468006,421467.7263952187,0.4849185985604954,0.9582818705022624,463.1599346873364,279.07891775319376,0.7073407036521653,49.31788260170237,103.15169169719418,1486.5813406713578,352.065025263354,0.6995036428755239,17.344153045956887,0.7737763148939142,505.6837809307936,0.19833582891924598,0.05549666513556137,0.04229045820838556,0.060449828900986886,0.870630302378234,0.002921578195900114
0.1,79.63836798954178,1999597.0274637952,0.4807385210010369,6.234339119066913,3.651030795063313e-06,12087.668629614578,0.06238698693909723,1407146.5826481539,79.62363392359354,1499874.4751504844,8.845529252203184,8.679575328672847e-06,5235.589626706295,0.06496419999788612,421449.9804341991,0.4846533034621449,5.366533332722585,463.18991927126575,278.9874128603363,0.7073983305256608,49.31586158669805,103.1610306055087,1487.021173266454,352.10777798403456,0.699511392034286,17.345696937228254,0.7737575236876315,505.6635843842391,0.19838736323659806,0.055494661279449166,0.042300170171767036,0.06044813553047751,0.7556299107783562,0.002535670841538108
0.11,79.65257291059089,1999556.3221499037,0.48136745545285625,6.232906456290034,3.6514647194242226e-06,12088.507836282937,0.062394572893006775,1406891.1326182405,79.60695975733968,1499876.0254229587,8.847313316706622,8.678521459707565e-06,5235.60823299609,0.06495582333911597,421364.8304251486,0.4845605537229298,10.03114020443928,463.1825909695785,278.9542591962235,0.7074455009149957,49.31551541223395,103.16441575117405,1487.191548334405,352.18809028418707,0.6995259462498462,17.348597044635362,0.773722231230392,505.62565181180037,0.19840513889993047,0.055490897826377866,0.042303497586913014,0.06044495516479561,0.7076147542766082,0.002374546155290632
0.12,79.6418933584216,1999515.6057163645,0.4818920098137576,6.233657650239185,3.651168173690424e-06,12089.156785196152,0.062389306707718854,1406411.5085612368,79.57572503660164,1499877.5750566958,8.850657061100435,8.676542426232043e-06,5235.643161098801,0.06494009301502073,421204.95573875814,0.4846302813823257,13.622757932272572,463.1415853045391,278.976915697254,0.7074857348174516,49.316816537991684,103.16210232838479,1487.1052616851537,352.2979925478639,0.6995458599797184,17.352565389445008,0.7736739513995352,505.5737637938997,0.19839049920701454,0.05548574958910919,0.042300692339184334,0.06044060448803753,0.692425250474122,0.0023235746660205435
0.13,79.61275944387114,1999474.8944173101,0.48235113267335794,6.236044251096203,3.6503250799575373e-06,12089.678702142606,0.06237442659230581,1405755.6296818247,79.5331632720471,1499879.123814003,8.85523036056155,8.67383570727905e-06,5235.690972758824,0.06491857919523779,420986.3294401729,0.48482060705911884,16.250204131878313,463.0754751429655,279.0413493255179,0.707521652479663,49.31936364091493,103.1555251565262,1486.827368077245,352.4299159317323,0.6995697603373189,17.357328470661347,0.7736160216002761,505.51151111855734,0.19835157619642768,0.05547957255875618,0.042293292032242226,0.060435384280551015,0.6911945018931274,0.0023194446372252595
0.14,79.57056504161173,1999434.2005328147,0.482771351067589,6.239599427245383,3.6490926032843882e-06,12090.121748756035,0.06235270278688816,1404969.011742641,79.48225825379934,1499880.6715172594,8.860719706659893,8.670588872359836e-06,5235.748403120551,0.06489277326779144,420724.1234523531,0.4850965345337085,18.140648906053443,462.9914071837866,279.13559520833775,0.7075551158861827,49.32280889809276,103.14591031706671,1486.4133626357632,352.57794048703636,0.699596573475562,17.362672365088347,0.7735510524742538,505.44170272937777,0.1982953310058184,0.05547264520729827,0.042282612937035495,0.06042952982460187,0.6954070143765768,0.002333580585156298
0.15,79.51930419777388,1999393.5328721465,0.48317010287910567,6.24397500550635,3.6475881913879484e-06,12090.51990027688,0.062326206604433436,1404087.2629056312,79.42531675453424,1499882.2180364528,8.866879910190127,8.666948655787346e-06,5235.812899243433,0.06486384194767224,420430.20716255193,0.48543219819022676,19.49598067105034,462.894700865399,279.25072194088466,0.707587386087667,49.3268907129028,103.13417404717991,1485.9046845996472,352.7376949497718,0.6996255064589755,17.36843911242798,0.7734809717156546,505.3664127568864,0.19822696981762256,0.0554651731579972,0.04226963949874286,0.060423214852258204,0.7015084320303331,0.002354055141041386
0.16,79.46180950305526,1999352.897624116,0.483558555325925,6.248922441147197,3.6458957460650777e-06,12090.896092699613,0.06229641802715346,1403136.675976735,79.36402761935368,1499883.7632770408,8.873529926413655,8.663023405535148e-06,5235.882576133254,0.06483264673303583,420113.3448378825,0.48580926594359464,20.47995049831302,462.78913782623874,279.3803516975137,0.7076192825609022,49.33142107480669,103.12097088445245,1485.3309077050928,352.90610660104744,0.6996560018810583,17.37451767485124,0.7734071344667547,505.2870993236935,0.1981502145338456,0.05545730096187893,0.04225507554200984,0.06041656149495899,0.7081600106436675,0.0023763758746431795
0.17,79.40001254794656,1999312.2990908618,0.4839436879086286,6.254271249679906,3.6440728316864526e-06,12091.265268745414,0.062264352500601666,1402135.7354542762,79.29957045331965,1499885.3071695822,8.8805425003363,8.658889291532936e-06,5235.956109028729,0.06479979327199814,419779.6979840373,0.4862152386242779,21.222041109411933,462.6772832406987,279.520109184188,0.7076513204906996,49.33627031359443,103.1067499020349,1484.7123023606562,353.08116019048697,0.6996876940918682,17.38083521974198,0.7733304299762801,505.2047194064404,0.19806762034499947,0.05544912347790941,0.04223940429789858,0.060409649896975164,0.714971856231233,0.002399234416883332
0.18,79.3351605053512,1999271.7402718898,0.4843297841401976,6.2599109380582325,3.6421567860723923e-06,12091.636892075207,0.06223066878245529,1401096.577426909,79.23271665219708,1499886.8496611738,8.887834204219319,8.654596313538232e-06,5236.032630115726,0.06476567914629573,419433.3119594876,0.48664205086019957,21.814007950050303,462.560785377893,279.66715757081755,0.7076838192941148,49.34135413722563,103.09180238101676,1484.06201236267,353.26160145281193,0.699720355401755,17.38734640378483,0.7732514124791319,505.1198696958445,0.19798084513267108,0.05544069983489342,0.042222939303872824,0.06040253001122302,0.7218950689450918,0.0024224666743123888
0.19,79.2680268657695,1999231.2233179882,0.4847194599624474,6.265772848982736,3.640170862392086e-06,12092.016917220799,0.06219577735118371,1400026.7766424948,79.16394635410461,1499888.390709255,8.895353166488409,8.650175662447636e-06,5236.111600927523,0.06473055240789324,419076.7116822229,0.48708471026469347,22.330440849348413,462.4406227210323,279.8197321756423,0.707716978937021,49.34662012359449,103.07630972482215,1483.3882285334264,353.4468158014378,0.6997538740190811,17.3940289819133,0.773170355143548,505.0328447767622,0.19789092135201203,0.05543205918998437,0.04220587579866534,0.06039522646244462,0.7290575045854171,0.0024465016932396543
0.2,79.19901773287194,1999190.7498492666,0.4851143649014498,6.271821347443885,3.638127251508187e-06,12092.40912817596,0.06215989394770503,1398930.0888922308,79.09349940621458,1499889.930276338,8.903074076958449,8.645642769295986e-06,5236.1927609333325,0.06469453584042438,418711.1490831432,0.4875406189730608,22.755245662181213,462.31745472813503,279.9769126728244,0.707750937004737,49.35204140444126,103.06036703722859,1482.695271280646,353.6359961117298,0.6997881033923437,17.400853773124382,0.7730876147447412,504.9440288040816,0.19779838912125416,0.05542323960679798,0.042188315848723804,0.060387771406860254,0.7362350957596204,0.002470587569663156
0.21,79.12858144024514,1999150.3212082335,0.4855154940638407,6.27801560335611,3.636039768017645e-06,12092.816255274407,0.062123262328639475,1397811.3914846147,79.02167695307581,1499891.4683317868,8.91096356658319,8.641017715851898e-06,5236.275763989257,0.06465778915413918,418338.24993142445,0.48800688076903465,23.130258267712474,462.1918850295895,280.1376499640054,0.7077857659647946,49.357586141479395,103.04408208914545,1481.9879837305184,353.82869641729354,0.6998229623981616,17.40780463667043,0.7730033894203818,504.8536354361027,0.19770386346474736,0.05541426223302555,0.04217037580291814,0.060380182705286924,0.7435321357373059,0.002495074280997671
0.22,79.05696313134099,1999109.9384137094,0.48592336008476755,6.284333195635741,3.6339160698666818e-06,12093.239910068685,0.06208601792113174,1396673.4069681216,78.94864496023534,1499893.0048488432,8.919003266119443,8.636311690673368e-06,5236.3604209782425,0.0646204013730895,417958.92174541333,0.48848192641212174,23.482589753774572,462.06423826068016,280.30136530519803,0.7078215082464517,49.36323679828322,103.02751462200648,1481.2690581528268,354.0247084645358,0.6998584129556812,17.41487401213176,0.7729177730548243,504.7617663337228,0.19760768522941294,0.05540513710100264,0.042152120115484235,0.06037246882433121,0.7510386242762723,0.0025202638398532625
0.23,78.9842796847942,1999069.6023023538,0.48633823496820744,6.290763457427803,3.631759901295052e-06,12093.681121069385,0.06204822737029844,1395517.4441370883,78.87448124173167,1499894.5398026605,8.927184689831618,8.631530043814726e-06,5236.446646468552,0.06458241512156887,417573.6007901039,0.4889650279065082,23.830528644086055,461.93465845714053,280.4677796637685,0.7078581937954488,49.36898504624725,103.01069384550377,1480.5398242650301,354.2239878369294,0.6998944466272128,17.42206025006115,0.7728307878439779,504.668446195179,0.19751002073336454,0.055395866601210805,0.04213358019489268,0.06036463177123622,0.7588366349983492,0.0025464316610682857
0.24,78.91056452022703,1999029.3136191922,0.486760293507683,6.297303489434257,3.6295724374508623e-06,12094.140656236408,0.06200991225086469,1394343.8419972472,78.79920363652926,1499896.0731689476,8.93550617492031,8.626674116635905e-06,5236.53442683127,0.06454384117278084,417182.4000641384,0.4894560081452238,24.186050060593207,461.80317091405874,280.6368114541646,0.7078958506334193,49.37482871232324,102.99362892724318,1479.800721897688,354.4265999899907,0.6999310748327071,17.429365662409534,0.7727424080623175,504.5736483195255,0.1974109215032012,0.05538644801717091,0.04211476570304918,0.06035666923577971,0.7670001474825788,0.0025738259982636875
0.25,78.83579885160685,1998989.0730775679,0.48718969734972245,6.303955363693236,3.627353224690276e-06,12094.619215103361,0.06197106563472351,1393152.2934435098,78.72279036442633,1499897.6049230578,8.943970644484839,8.621742576462061e-06,5236.623796910184,0.06450466905977295,416785.21720197255,0.48995503774922317,24.556090989871723,461.6697273374167,280.8085049051444,0.7079345104358538,49.380769614941,102.97631632824283,1479.0516304188193,354.6326757163748,0.6999683207796957,17.436794914347736,0.7726525796335361,504.47731564367945,0.19731036611360392,0.055376875612379445,0.04209567247181186,0.060348576353875805,0.7755912764794047,0.0026026552901993443
0.26,78.75993541194018,1998948.8813974506,0.4876266353285347,6.3107239086738005,3.6251009202353902e-06,12095.117544183126,0.06193166509790469,1391942.1112278663,78.64519650947564,1499899.1350394487,8.952583758596111,8.616732513978245e-06,5236.71482068286,0.06446487579830293,416381.82311537705,0.4904624798978979,24.94462004445432,461.53423877152443,280.98297349525643,0.7079742110995961,49.38681182921771,102.9587455731775,1478.2921264992221,354.84238448663,0.700006214632581,17.44435406163482,0.7725612318426347,504.3793733313305,0.1972082931657235,0.05536714187920716,0.04207628874641194,0.06034034676299553,0.7846666033419993,0.002633109407187917
0.27,78.68291244494094,1998908.7393266815,0.4880713457421202,6.317615478561109,3.6228137026554652e-06,12095.636477923159,0.061891679935981,1390712.3869768272,78.56636380822015,1499900.663491368,8.961352807334086,8.611640099830092e-06,5236.807579679595,0.06442443110584915,415971.915022977,0.4909787985707396,25.354900985317904,461.39659124939925,281.16036853938107,0.7080149968442563,49.39296070423374,102.94090245263898,1477.521626510847,355.05592843359403,0.7000447924166343,17.45205033269799,0.7724682800201871,504.27973167111855,0.19710461963519368,0.055357237825496855,0.0420565986603956,0.06033197284416553,0.7942831207653148,0.0026653795998836066
0.28,78.60465664112918,1998868.6476523858,0.48852411526824296,6.324637622171762,3.6204893855153525e-06,12096.176969689372,0.06185107317590733,1389462.0283237395,78.48622295269828,1499902.1902505895,8.970286463805751,8.60646073661015e-06,5236.902170457615,0.06438329861139463,415555.1287974876,0.4915045400016019,25.78927556625146,461.25665219846144,281.3408706191085,0.7080569192311866,49.39922260906956,102.9227699097341,1476.7394266963945,355.2735339328127,0.7000840944888581,17.459891824225902,0.7723736292636608,504.17829008376964,0.19699924591730936,0.05534715337157437,0.042036583189185524,0.06032344605736839,0.8044992898015033,0.0026996620463137695
0.29,78.52508753568453,1998828.6072098697,0.4889852857344962,6.331798685916529,3.6181255510899483e-06,12096.740108818769,0.061809803931206386,1388189.8097154254,78.40469667691914,1499903.715287222,8.979394436097833,8.601189268273164e-06,5236.998700992757,0.06434143752091241,415131.0559165403,0.49204030407635063,26.250221991434206,461.11427457161284,281.5246793968449,0.7081000373553127,49.40560461641134,102.90432908322252,1475.9447497262838,355.49545309172305,0.7001241657994295,17.467887553966612,0.7722771738403135,504.07493649829354,0.19689206179893257,0.055336877287079325,0.04201622128058955,0.060314756887885346,0.8153804824210635,0.0027361761155069247
0.3,78.44411713783818,1998788.618888438,0.4894552577232876,6.33910793197979,3.615719516142886e-06,12097.327118372852,0.061767826823455885,1386894.3650477598,78.32169930686369,1499905.2385695078,8.98868753300167,8.595819948718038e-06,5237.09729144823,0.06429880237001324,414699.2410239274,0.49258674759887894,26.73790506062755,460.9693022150444,281.7120164438877,0.7081444176445455,49.412114587458674,102.88555904054833,1475.1367332440645,355.72194163132906,0.7001650518913193,17.476046663048763,0.772178806844934,503.9695577150304,0.19678294493386128,0.05532639822026324,0.04199548956435115,0.06030589571642916,0.8269791301980866,0.0027750977523425726
0.31,78.36165927813657,1998748.6836377108,0.48993447614569163,6.346574542437099,3.6132686571758804e-06,12097.939360752065,0.061725097665076084,1385574.3181025682,78.23714459152895,1499906.7600638084,8.998176741758513,8.590346980989443e-06,5237.198064448863,0.06425534730740226,414259.22536866093,0.4931445218263853,27.25395810886399,460.8215767698548,281.9031000546354,0.7081901327367622,49.41876036769437,102.86643931518635,1474.3145414067692,355.9532725914289,0.7002068013696776,17.484378909217785,0.77207841427525,503.86203306779726,0.19667177542741485,0.05531570406708061,0.04197436511808331,0.0602968522855112,0.839360880978143,0.0028166472516045066
0.32,78.27762329590863,1998708.8024662659,0.4904234300219735,6.354208242685754,3.610770211078229e-06,12098.57834159848,0.06168156999337726,1384228.20328574,78.15094084723044,1499908.279734481,9.007873803681901,8.58476418861831e-06,5237.301151239439,0.06421102348652052,413810.52042858687,0.49371431545633115,27.799752702028485,460.67093180377776,282.0981608475063,0.708237262393459,49.42555028783518,102.84694835146227,1473.47729698755,356.1897338516138,0.7002494654474686,17.492894576777665,0.7719758761521801,503.75223563830707,0.196558426889869,0.055304782090911234,0.0419528237690066,0.060287615800470595,0.8525957916792222,0.0028610597036215508
0.33,78.19191534718146,1998668.9764450588,0.49092265453994693,6.362019231053097,3.6082213011169555e-06,12099.245707330603,0.06163719553693155,1382854.4813658337,78.0629918725572,1499909.7975437734,9.01779111344128,8.579065079504523e-06,5237.406690678726,0.06416577957464492,413352.6131206569,0.4942968463905506,28.37716810883247,460.51719230448947,282.2974398695603,0.708285893093239,49.43249309823747,102.82706370730772,1472.624090414655,356.4316330176508,0.7002930988196406,17.50160465175589,0.7718710644475212,503.64003005241864,0.1964427676125886,0.05529361870223239,0.04193084031626351,0.0602781747429243,0.8667607655229497,0.002908593172895804
0.34,78.10443587842693,1998629.2067100238,0.4914327246696229,6.370018378530614,3.6056188765257535e-06,12099.943260140079,0.061591923179945746,1381451.512273895,77.9731952793492,1499911.3134516852,9.027941927075378,8.573242732395375e-06,5237.514831523265,0.06411956085366818,412884.9567594617,0.4948928795656923,28.986598457259305,460.36017691379374,282.50119346213575,0.7083361189451669,49.43959813395571,102.80676158297952,1471.7539597950995,356.67928313076715,0.7003377570778109,17.51052030650711,0.7717638493237298,503.52527917614293,0.19632465783470812,0.05528220012362889,0.041908388010373936,0.06026851743294832,0.8819296547986961,0.0029594954859016647
0.35000000000000003,78.01508624152889,1998589.4944661853,0.4919542562315146,6.378216606264139,3.6029599152436804e-06,12100.672954132626,0.061545702499992194,1380017.639336734,77.88144753440673,1499912.8274159487,9.038339766231351,8.567290145203276e-06,5237.62572614881,0.06407231198718925,412406.9991145125,0.495503182566087,29.629079850760682,460.1997029919864,282.70967752891016,0.7083880405982645,49.44687480691563,102.78601840267184,1470.8659601671857,356.9330086277673,0.7003834977788035,17.51965311365107,0.7716540965894313,503.40784140443856,0.19620395884900652,0.05527051211910772,0.0418854402808216,0.06025863179997544,0.8981851351008925,0.0030140440775197736
0.36,77.92376575336013,1998549.8409869135,0.4924879018935336,6.386625196003452,3.6002413271917284e-06,12101.436894992436,0.06149848209659544,1378551.1556440117,77.78764187118719,1499914.339391963,9.04899867077771,8.561200094976783e-06,5237.739533301703,0.06402397591059188,411918.171225761,0.4961285461106296,30.30618992096917,460.03558192259806,282.92315520489166,0.7084417654296291,49.45433284804132,102.76481005995387,1469.9591306674843,357.19315059967437,0.7004303813844925,17.52901523450479,0.7715416654733207,503.28756829553726,0.19608052866969253,0.055258539757452506,0.04186196991307458,0.060248505182410976,0.91561872807407,0.003072546067362651
0.37,77.83036914457341,1998510.2476153169,0.4930343469333662,6.395256012001118,3.5974598874222935e-06,12102.237355535915,0.06145020844576235,1377050.2750700836,77.69166650350134,1499915.8493326884,9.05993342300228,8.554965016082187e-06,5237.856420568123,0.06397449286629965,411417.87770703604,0.4967698022021387,31.01983081681041,459.86761603229394,283.1419022486967,0.7084974084836725,49.4619824891056,102.74311139625337,1469.0324724056054,357.46007010971925,0.700478471849787,17.538619537435782,0.7714264072506088,503.16430312180614,0.19595421901038634,0.055246267266484406,0.04183794847306954,0.060238124204073304,0.9343337015569956,0.0031353479918019983
0.38,77.73478547645776,1998470.7157672825,0.493594314578502,6.404121676476459,3.594612185321307e-06,12103.076785525318,0.06140082503885451,1375513.1146349485,77.59340355386907,1499917.357188515,9.071159691265626,8.548576926162542e-06,5237.976566001987,0.06392379981879998,410905.49090693635,0.49742783247965583,31.77127463005794,459.6955987149847,283.36621122789717,0.7085550929584119,49.46983460002405,102.72089580457039,1468.0849317546028,357.73414226134986,0.7005278355430579,17.54847938327523,0.7713081678697654,503.0378837010278,0.1958248729950802,0.05523367831331937,0.041813345870710915,0.06022747501094513,0.9544351641843198,0.0032028025643769126
0.39,77.63690059282261,1998431.2469355112,0.49416856001469595,6.413235240050887,3.591694734199623e-06,12103.957830934236,0.06135027430220748,1373937.7305103973,77.4927311988578,1499918.8629071838,9.08269378537961,8.542027574018732e-06,5238.100155605307,0.0638718316310247,410380.362879385,0.4981035523171651,32.5612035671012,459.51931986212566,283.5963830915921,0.7086149507692834,49.47790043361711,102.69813608442556,1467.1154384475633,358.015750450465,0.7005785402009553,17.558608417523025,0.7711867904897942,502.90814512903603,0.19569233004216013,0.0552207562750069,0.04178813128496016,0.060216543499838765,0.9760360190245871,0.003275288654444923
0.4,77.53660026724678,1998391.842691259,0.49475787899376017,6.4226099850120715,3.5887040375082915e-06,12104.883325139293,0.061298498758741674,1372322.1525378693,77.38952570958739,1499920.3664337592,9.094552419099179,8.535308582149061e-06,5238.227380872451,0.0638185221979311,409841.83690674073,0.4987978898847448,33.39163946711058,459.3385643454929,283.83272210303494,0.7086771216611427,49.486191454073726,102.67480495842075,1466.1229280928326,358.30529945041985,0.7006306572736388,17.569021039915995,0.7710621099013347,502.7749138373738,0.19555642885783855,0.055207483645113145,0.04176227373167979,0.06020531481610232,0.9992657703620639,0.003353240840141154
0.41000000000000003,77.43376401289858,1998352.5046842615,0.4953631008424159,6.432260046770621,3.585636398071921e-06,12105.856310221658,0.06124543774559665,1370664.3108047629,77.28365698506592,1499921.8677104968,9.106753265161487,8.528411140029008e-06,5238.3584448437505,0.06376380201562065,409289.2230163995,0.49951182980542175,34.26486757609668,459.1531049731317,284.0755510892991,0.7087417547093988,49.49471983444625,102.65087358402404,1465.1062782289173,358.6032183316528,0.7006842624357225,17.57973250791475,0.7709339513551807,502.6380063706337,0.19541699885118385,0.05519384190975519,0.04173574043072974,0.060193773248336274,1.0242658208982833,0.003437133627175448
0.42,77.32826379887722,1998313.2346469485,0.4959850857120365,6.442200443518186,3.582487916031342e-06,12106.880077892829,0.061191027406817984,1368962.021209884,77.17498767349012,1499923.3666766905,9.119315084398032,8.521325942307268e-06,5238.493563625421,0.06370759769479754,408721.79317215347,0.5002464234020099,35.18271206786228,458.96270382659196,284.3252118813899,0.7088090103723117,49.503498499947135,102.6263115375198,1464.0643091356328,358.9099563136903,0.7007394348240418,17.5907587859274,0.7708021324396415,502.4972314238441,0.19527385997317562,0.05517981174823902,0.04170849677147962,0.06018190239770084,1.0511938806463448,0.0035274962437796802
0.43,77.21996711870594,1998274.034399154,0.49662474256646505,6.452446945479332,3.579254537149896e-06,12107.958171836486,0.061135201556482895,1367213.011614386,77.06337474489006,1499924.8632685577,9.132257557695581,8.514043295844425e-06,5238.632964725904,0.06364983281398155,408138.79000074323,0.501002768756954,36.14611824461943,458.7671163997655,284.5820617717842,0.7088790601618833,49.51254101191311,102.60108719085738,1462.9958007404823,359.2259743354123,0.7007962555060948,17.6021162407438,0.7706664667900976,502.35239383436857,0.19512682488983157,0.05516537342863174,0.0416805067235174,0.06016968551219708,1.0802093934522965,0.003624863736417103
0.44,77.10874023542621,1998234.90585136,0.49728301739716774,6.46301570756968,3.5759321740913e-06,12109.094388631956,0.06107789379615924,1365414.9722639208,76.94867249061562,1499926.3574191993,9.145600936955198,8.50655332765884e-06,5238.776883433371,0.06359042957278584,407539.4435801864,0.5017819892379375,37.157637543443414,458.56609119488763,284.8464641382552,0.708952086133336,49.52186126742129,102.57516865776827,1461.8995341265293,359.55176093830346,0.7008548103195903,17.61382221076397,0.7705267573602524,502.20328742959106,0.19497570442761417,0.05515050609241636,0.041651733869550456,0.06015710488095933,1.1114983193865104,0.003729860132169498
0.45,76.99444117424964,1998195.8510049458,0.49796089213622974,6.473923924811131,3.5725165099897772e-06,12110.292833078121,0.061019034154388606,1363565.4677488005,76.83072716917188,1499927.849058433,9.159366721932464,8.498845616525127e-06,5238.925570263664,0.06352930587411305,406922.94210645335,0.5025852838408539,38.220411832651,458.35936163689513,285.11880433298404,0.7090282841500993,49.53147404223909,102.54852226137052,1460.774226861189,359.88783866479764,0.7009151910004358,17.625895233667,0.7703827938044137,502.0496922767105,0.19482029867557354,0.055135187477012265,0.04162213971008219,0.06014414159885486,1.1452766396501002,0.0038432102001681213
0.46,76.87691819038889,1998156.8719573994,0.4986594025501142,6.485190166192236,3.5690029056026566e-06,12111.557949672057,0.060958547528280824,1361661.904031148,76.7093750269927,1499929.3381125797,9.173577939626355,8.490909052946808e-06,5239.079294177769,0.06346637421932054,406288.4209020027,0.5034139399051095,39.33596267657154,458.1466476311103,285.3994974868569,0.7091078653686814,49.54139525495605,102.52111180984444,1459.6185030558872,360.2347486190329,0.7009774923852766,17.63835448940038,0.7702343592253074,501.89138192893864,0.19466039278138106,0.055119394634939096,0.041591682860038046,0.06013077617443578,1.1817617258729425,0.003965643375412558
0.47000000000000003,76.75601632508251,1998117.9709093757,0.49937962841635414,6.496833623321196,3.565386642056704e-06,12112.894528151948,0.06089635790130185,1359701.6194710075,76.58444776646468,1499930.8245043824,9.188258501716252,8.48273221580862e-06,5239.238335842167,0.06340154470084006,405634.9927484615,0.504269288870478,40.50653048347746,457.92766172381465,285.68896954203905,0.7091910556836674,49.551641366960034,102.49290049015373,1458.430976205782,360.59305776139627,0.7010418136990797,17.65122005997767,0.7700812271747717,501.7281202698664,0.1944957678352689,0.05510310361573886,0.04156032111455522,0.06011698826017847,1.2212003870816426,0.004097987876112895
0.48,76.63157475248721,1998079.1501661516,0.5001227001340823,6.5088744433448955,3.5616628279778018e-06,12114.30774189362,0.06083238677997658,1357681.8467305966,76.4557701987832,1499932.3081528726,9.203433522191503,8.47430321131249e-06,5239.4029912709275,0.06333472373068205,404961.7352114315,0.505152726716369,41.7357074060077,457.70210231863973,285.98766502736424,0.7092780976528835,49.56222965247415,102.46385014354215,1457.2102193310648,360.963372855304,0.7011082610308802,17.66451342751137,0.7699231558468518,501.5596553765707,0.19432619665235876,0.05508628884952004,0.041528010643026914,0.0601027561300206,1.2638783800455016,0.004241202617602354
0.49,76.50342132659787,1998040.412141276,0.5008898055317206,6.521334380028495,3.5578262128162584e-06,12115.803209211277,0.060766550035142745,1355599.6383173177,76.32315572470178,1499933.7889731275,9.21912991909614,8.465609358624125e-06,5239.5735786060395,0.06326581155530461,404267.6657816472,0.5060657548967458,43.02661716358211,457.4696489317163,286.29606249987313,0.7093692536786447,49.57317872541123,102.43391980924065,1455.9547043118923,361.3463366240814,0.7011769466106426,17.67825733292271,0.7697598899050471,501.38572153292864,0.19415143531392978,0.05506892334293346,0.041494704374570375,0.0600880568443519,1.3101044256427017,0.00439632357598222
0.5,76.37137463571571,1998001.7593644143,0.5016821892646606,6.534236540504458,3.553871279676949e-06,12117.38703568688,0.06069875955223468,1353451.8930214676,76.18640792855591,1499935.2668760705,9.235376265597298,8.456637296819748e-06,5239.75043679959,0.06319470311175576,403551.7507178316,0.5070099685022723,44.38122246556597,457.2299687313425,286.6146676760677,0.7094648076588571,49.58450834872893,102.40306644865709,1454.6628351861311,361.7426167261433,0.7012479867980865,17.69247537698384,0.7695911653659446,501.2060444980906,0.19397122727021301,0.05505097920017554,0.041460352772252,0.060072866690161306,1.3602114808838468,0.0045644680566572044
0.51,76.23524976199909,1997963.1944872222,0.5025011630739045,6.547604922701953,3.549792400237995e-06,12119.06581669897,0.06062892593662802,1351235.4224912215,76.04532454658676,1499936.7417683653,9.252202336364515,8.447373259528778e-06,5239.933920976661,0.06312129021270341,402812.9272559947,0.5079870176652391,45.805386528286185,456.98271072871205,286.94400149142217,0.7095650643567168,49.59623905259502,102.37124615393296,1453.3330011810576,362.15294538792466,0.7013215091487118,17.707193438550654,0.7694166929329183,501.02032383272194,0.1937853103004751,0.05503242585227216,0.04142490515326598,0.06005715968110208,1.4146049011009556,0.004746996312419314
0.52,76.09484143350429,1997924.7202853002,0.5033481071509749,6.561466156203064,3.5455833257354295e-06,12120.846799696208,0.06055694986493068,1348946.7351943261,75.89968438977799,1499938.2135520035,9.269640805180984,8.437802166957827e-06,5240.124421297467,0.0630454543606145,402050.0315325106,0.5089987314184619,47.30221424970916,456.72749700153224,287.2846418231767,0.7096703582768157,49.60839356261702,102.33841017699568,1451.963410618803,362.5780931582619,0.7013976476603258,17.722438728141462,0.769236169436337,500.82824517683997,0.19359339343695525,0.05501323127603636,0.041388305287105936,0.060040908588115005,1.473712560625987,0.004945344163174454
0.53,75.9499370050555,1997886.339672341,0.5042244860403831,6.575848299420022,3.5412375725043573e-06,12122.737869681707,0.06048272876237516,1346582.1899747448,75.74925663080141,1499939.6821241123,9.287726151097672,8.427908263146428e-06,5240.322351461006,0.06296707180976664,401261.84983544046,0.5100470284388634,48.876830188625505,456.46392985347364,287.63719319395557,0.7097810516188827,49.620995825440836,102.30450793725547,1450.5522214944779,363.0188899892816,0.7014765464982734,17.738240539073406,0.7690492691480617,500.6294711044681,0.19339517429688052,0.054993361072821545,0.04135049468792599,0.060024084158204746,1.5380272967740856,0.0051611654254163945
0.54,75.80030773314805,1997848.055704921,0.5051318477383084,6.59078172004749,3.536748179815587e-06,12124.747679857817,0.06040615274458962,1344137.8858046946,75.5937940837765,1499941.147376607,9.306495574953923,8.417674648982082e-06,5240.528159183184,0.06288600987879442,400447.081828199,0.5111339838489003,50.53287476195178,456.1915883352508,288.00230720447894,0.7098975408809034,49.63407174057763,102.26948513243198,1449.0974647101752,363.4762114876567,0.701558357474987,17.75462974885613,0.7688556499289635,500.4236477770535,0.19319032802967204,0.054972779124801634,0.04131141049984223,0.060006655668624634,1.608088526751699,0.005396270223998991
0.55,75.64571640171718,1997809.871593276,0.5060718414389285,6.6062985055365395,3.53210791148398e-06,12126.885668537441,0.060327108146708046,1341609.7463474334,75.43303826352764,1499942.6091959653,9.325988438413534,8.407083629648102e-06,5240.742320575272,0.0628021297174601,399604.3687219164,0.5122617783706511,52.27408159058386,455.9100348737191,288.38066710147,0.7100202566868795,49.64764867658991,102.23328531134862,1447.597113545581,363.95098064399883,0.701643240298927,17.771638875481973,0.7686549528092717,500.21040461248276,0.19297851635753888,0.05495144755300178,0.04127098721059239,0.05998859088987536,1.6844883350130435,0.005652645419506858
0.56,75.48591658956522,1997771.7907069183,0.5070462084381581,6.622432497773056,3.5273092703476774e-06,12129.162133109461,0.06024547785279191,1338993.518386899,75.26671919541565,1499944.0674630054,9.346246361802693,8.396116702192425e-06,5240.9653417548125,0.06271528622262779,398732.29277821776,0.5134327077783024,54.105321547860285,455.618812852732,288.7729874867849,0.7101496669709682,49.66175550818153,102.19584998688813,1446.0490916662209,364.44418034674976,0.7017313647433833,17.78930251933448,0.7684467970504336,499.98934916842063,0.1927593881303154,0.05492932619540477,0.04122915674809195,0.05996985564209093,1.7679034317316131,0.005932561851448366
0.5700000000000001,75.32064862257968,1997733.8165800066,0.5080567942656785,6.639219852791132,3.52234436096186e-06,12131.588349064885,0.06016113905412504,1336284.7119586938,75.09455170699445,1499945.522052579,9.367313785144528,8.384754297508548e-06,5241.197765630638,0.06262532601137816,397829.3573442373,0.5146492172680595,56.03127206026047,455.3174430068989,289.18002654061337,0.7102862825186043,49.676423076900974,102.15711756483455,1444.4512316506884,364.956852762477,0.7018229104562834,17.807657333561686,0.7682307808138723,499.7600680037894,0.19253257300832913,0.05490637268145993,0.04118584726574523,0.059950413856237124,1.8590882092222931,0.006238551037658701
0.58,75.14964110165486,1997695.9529199353,0.5091055572510087,6.656699050518444,3.517204919483132e-06,12134.176649259338,0.060073963866664325,1333478.6142291438,74.91623619475445,1499946.9728332898,9.38923797340167,8.372975830524176e-06,5241.440172665469,0.06253208783727804,396893.99148003897,0.5159138956966354,58.05812311610969,455.0054204379117,289.60258475295683,0.7104306601005727,49.69168419685091,102.11702357700823,1442.801288684443,365.490116268014,0.7019180698940383,17.82674262195977,0.7680064744812986,499.52211975884893,0.19229768271318673,0.05488254172614219,0.04114098336952811,0.0599302269740497,1.9588993188189194,0.006573487647043355
0.59,74.97260445438175,1997658.2036148333,0.5101945671423841,6.674911560364679,3.5118821561965378e-06,12136.940599040645,0.05998381678343819,1330570.2085393148,74.73145364271126,1499948.4196670982,9.41206977589073,8.360759351214821e-06,5241.693190068588,0.062435399848989145,395924.52295508306,0.5172295293577057,60.195536831180036,454.68219997006736,290.0415191867635,0.7105834107634962,49.707574219086794,102.0754994527822,1441.0968943376752,366.0452034047811,0.7020170549819222,17.846601686819604,0.7677734052663754,499.27501904557505,0.1920543037223612,0.054857783499932804,0.04109448471006508,0.059909252564560644,2.0683628943724814,0.006940815081786851
0.6,74.78921801368895,1997620.5727451278,0.5113260408512532,6.693903589620255,3.506366295872894e-06,12139.895288035725,0.059890547058466116,1327553.982126891,74.53985401188098,1499949.8624086522,9.435865295583111,8.348080725934948e-06,5241.95751129654,0.06233507313771951,394919.11419130635,0.5185992061578132,62.45106105856031,454.3471876135526,290.497783128661,0.7107452137954277,49.72413246704433,102.03246893330197,1439.3354133667349,366.6234423092609,0.7021200936659134,17.867281151729006,0.7675310657156147,499.0182457231249,0.19180197624707407,0.054832044537820854,0.041046261952601096,0.05988744509086305,2.1886058613568316,0.00734431497099608
0.61,74.59913990616106,1997583.064605602,0.5125023512996316,6.713725081048793,3.5006469264149794e-06,12143.05741380783,0.059793994806715225,1324424.045251638,74.34106340066396,1499951.3009047941,9.460685148238749,8.334914123649321e-06,5242.233889038641,0.06223090561771016,393875.80193616304,0.5200262518037995,64.83637486654672,453.99974065799375,290.97239944482845,0.71091681949561,49.74140144829593,101.98785079135622,1437.514065078675,367.22630232418527,0.7022274378885439,17.888832578688735,0.7672788953598636,498.7512257454579,0.1915402097817127,0.05480526579698685,0.04099621972248378,0.05986475426087476,2.320974138404485,0.007788503820149278
0.62,74.40199112057971,1997545.6837193908,0.5137260586856613,6.734431758145923,3.4947124757925406e-06,12146.445673057598,0.05969398239258797,1321173.9038939592,74.13467026476398,1499952.7349937432,9.486596479865725,8.321231044792567e-06,5242.523159033448,0.06212267437906218,392792.4215147453,0.5215143599741523,67.37119772527078,453.6391281900825,291.4665062845067,0.7110990677586524,49.75942854537895,101.94155475082403,1435.6297627323554,367.85548263089106,0.7023393791615,17.911315616937237,0.7670162447180209,498.4732934480645,0.1912684591004846,0.05477737884343995,0.04094425199731143,0.059841121791008485,2.467145056010837,0.008279010255069923
0.63,74.19732351069182,1997508.4348641841,0.5149999609476925,6.756089003892196,3.4885492003071578e-06,12150.081473810958,0.059590297719783594,1317796.0096472548,73.9201983594221,1499954.1645036365,9.513676858833481,8.306998404671266e-06,5242.826285386504,0.06201012057827337,391666.4568035462,0.5230678497464272,70.03137064670884,453.2646251261472,291.981444807614,0.7112929223553468,49.77826923957481,101.8934735938921,1433.6788010744583,368.5124577372228,0.7024561675266059,17.934781745737837,0.766742565879195,498.1838935501015,0.1909860778567858,0.054748326094147926,0.04089023320480079,0.05981649855620431,2.6282920175437523,0.00881977187095219
0.64,73.98480863788207,1997471.3231224106,0.5163270427773106,6.7787508932796445,3.482147181202474e-06,12153.986676839839,0.05948279525976421,1314284.221295142,73.69725474673078,1499955.5892546047,9.541994788797552,8.292188888613878e-06,5243.144143959066,0.06189303136881003,390495.86071418435,0.5246902421026016,72.83153538816985,452.8755961485296,292.5182603672671,0.7114993547681847,49.797969928315354,101.84352994201679,1431.6587887215526,369.1988761632816,0.7025780823865124,17.959288513333874,0.7664572464472659,497.8824056036713,0.1906925910406575,0.05471804318884575,0.04083407027483071,0.059790829649562754,2.8062756630635235,0.009417032426387664
0.65,73.76406688843628,1997434.3537894425,0.5177104164171887,6.802479261524679,3.4754949455221016e-06,12158.185720556545,0.05937130557102114,1310631.6727939162,73.46540036148933,1499957.0090578198,9.571626898632477,8.276771963988715e-06,5243.477715711214,0.06177116884116354,389278.34457309375,0.526385556986134,75.8026726825085,452.4712753773414,293.0781519623571,0.711719451208061,49.81858344907671,101.7916342919757,1429.5669188825693,369.91674136143604,0.7027054643284043,17.98490596756181,0.7661595358980146,497.5680667715732,0.19038745060103654,0.054686451187070884,0.04077565593973739,0.05976404776090335,3.0035688514426235,0.01007909010551216
0.66,73.5346020241526,1997397.5324079886,0.5191534231653315,6.827351723505097,3.4685773700575787e-06,12162.707084992206,0.05925560068349803,1306829.850513766,73.22409474447572,1499958.423713223,9.602665873810365,8.260709953591076e-06,5243.828178756293,0.061644239059067914,388011.0704966531,0.5281588399933251,78.96309227216692,452.0507360530385,293.66265391139933,0.7119544830703505,49.84017574587893,101.73766866407426,1427.3993218951216,370.66829099778164,0.7028386932814262,18.01171230853805,0.765848597792361,497.240027775506,0.19006993931715185,0.054653462127231316,0.040714850291841964,0.059736077879222776,3.2228663019027612,0.010814987590277724
0.67,73.29586172024955,1997360.864852354,0.5206597301277597,6.8534555139653754,3.4613775800218878e-06,12167.583097105815,0.05913542654651181,1302869.2875079873,72.97273829625868,1499959.8330082353,9.635215407942232,8.243960925653278e-06,5244.196855111601,0.06151191500019305,386690.88284524,0.5300157279591552,82.31393313725347,451.61300261961,294.2734828084515,0.7122058940802493,49.86282093176548,101.68150141414294,1425.1516972796978,371.4558206326623,0.7029781569105603,18.039787568487345,0.7655235843906429,496.8974322743028,0.18973925636032407,0.05461898695672147,0.04065149707597572,0.059706844008531414,3.46692072461189,0.011633962163127148
0.68,73.04731307609924,1997324.3573683144,0.5222333298695052,6.880879206195346,3.453879356003102e-06,12172.84914716382,0.05901054360127416,1298740.5344531417,72.71073045813543,1499961.236717874,9.669382706092872,8.226482767613668e-06,5244.585128903407,0.06137386882092845,385314.6318412393,0.5319618819932471,85.8927095840645,451.1570245431207,294.9123379245258,0.7124752596283705,49.88659450885064,101.62300601074696,1422.8200921663429,372.2820765400703,0.7031243197935361,18.06922758171059,0.7651834763349002,496.5392485950642,0.18939462656475098,0.05458291854141762,0.040585444560965335,0.05967625475212949,3.7396214845631657,0.012549065384440155
0.6900000000000001,72.78828854381578,1997288.016555932,0.5238785937028173,6.909731149449858,3.446062257478208e-06,12178.54673205933,0.05888064601200136,1294432.1448219656,72.43734792465793,1499962.6346020014,9.705295673848685,8.208224623017767e-06,5244.994645196264,0.06122970431023925,383878.5019790654,0.5340042146109816,89.7045437192965,450.68161560651333,295.5813214278738,0.7127644325731427,49.911588537572726,101.56202299257438,1420.3993820231176,373.1499230913865,0.7032776639799188,18.10013207875565,0.7648272224888026,496.164418159973,0.1890350773621689,0.054545146520403216,0.04051650277623374,0.05964421589699277,4.044852890054179,0.013573331845819395
0.7000000000000001,72.5181306244454,1997251.849467033,0.5256003301531066,6.940123402205698,3.437906210189307e-06,12184.721778626257,0.05874543871704107,1289932.4829847594,72.15185363109794,1499964.026405166,9.743088703234987,8.189134495991883e-06,5245.42715328561,0.06107901707569406,382378.61470210046,0.5361497895448696,93.7685952834017,450.1855621976201,296.2825549950189,0.7130754589124643,49.93789852469278,101.49839575563323,1417.884745349304,374.0624983469152,0.7034387159993748,18.132610185751492,0.7644536782235236,495.7717914492509,0.1886596472245769,0.05450555078025849,0.04044448335287047,0.059610624868733864,4.387355048594936,0.014722667948305155
0.71,72.23613238058353,1997215.8635946885,0.527403781691439,6.972179282851296,3.429389648274088e-06,12191.426231208723,0.05860460705258876,1285228.9698943929,71.85345053915489,1499965.411855391,9.782909634517967,8.169156012347397e-06,5245.884590762932,0.06092136908305976,380810.7770053598,0.5384063149163425,98.1076398129032,449.6675561177884,297.01834444527407,0.7134106517852256,49.9656296232655,101.43195605957594,1415.2711010948738,375.0232647662856,0.7036080551358131,18.166782170229972,0.7640615877622109,495.3601107150433,0.18826730024892382,0.054463999609238894,0.04036918310693038,0.05957536915137013,4.772726337594619,0.016015860193270535
0.72,71.94152589739647,1997180.0669058438,0.529294673379445,7.006035661295213,3.4204891598520223e-06,12198.719132761857,0.058457811643061394,1280307.8981719257,71.54127008585789,1499966.7906627185,9.824922233624154,8.148227575344554e-06,5246.36911809676,0.06075628214668549,379170.41976259596,0.540782271963834,102.75100014238814,449.1261672371256,297.79121879520795,0.7137726402155524,49.99489857245055,101.362521262834,1412.5530307303607,376.03609556275035,0.7037863278174251,18.202782440121187,0.7636495527425113,494.9279785414053,0.18785690897704002,0.054420346397240825,0.040290380662379895,0.05953832346968732,5.207685611223028,0.017475455071218216
0.73,71.63345942733393,1997144.4678820884,0.5312792834690504,7.041846880267702,3.4111787726541035e-06,12206.668186514209,0.05830467756023824,1275154.0832103866,71.21435078963636,1499968.162517278,9.869310294247612,8.126280810333707e-06,5246.883173497671,0.06058322584794219,377452.4814341932,0.5432871444582851,107.72964006727126,448.5598196553349,298.60400280211775,0.7141644400597091,50.02583700427007,101.28988874964811,1409.724598002825,377.1053117760657,0.7039742531179712,18.240760772285952,0.763216021810637,494.4738488717544,0.18742722044584495,0.05437442857208136,0.0402078298339401,0.05949934886488634,5.700194283557287,0.019128168736769417
0.74,71.31099687723459,1997109.075577106,0.5333645280558611,7.0797862732922905,3.4014299482938035e-06,12215.351132999192,0.058144795395032006,1269750.789053164,70.87163339924916,1499969.527087271,9.916279666432997,8.10324016114359e-06,5247.429505765955,0.060401614584002256,375651.3833675096,0.5459314784027153,113.08523285951667,447.96676459384656,299.4598305042465,0.7145895155434355,50.05859279182134,101.21383588537472,1406.7793981129257,378.23582373452666,0.7041726463711404,18.280887228830043,0.7627592389251043,493.99597522797814,0.18697685439081077,0.054326062170887264,0.04012125915418613,0.05945828806064721,6.259980174912942,0.021006644882258188
0.75,70.97307971576332,1997073.8996741525,0.5355580688042255,7.120052640517972,3.391210393154774e-06,12224.858314523772,0.05797770316348226,1264079.1516206781,70.51192569935664,1499970.884016164,9.96606496355111,8.079020324391999e-06,5248.011263779392,0.060210787626029404,373760.8375397668,0.5487272605333546,118.84525969100513,447.3450898974845,300.3622652974224,0.7150518959704089,50.093335513448594,101.13411073994195,1403.7102560106227,379.43300008966395,0.7043823946902995,18.323347379309812,0.7622773029948053,493.4924759518972,0.18650424678286082,0.05427504821030969,0.040030360874175636,0.059414970840132246,6.898180948851806,0.023148258217623507
0.76,70.61859604598911,1997038.9505715058,0.5378683993299848,7.1628636986809315,3.380486270646905e-06,12235.29295034696,0.057802924091448424,1258118.9987473495,70.13395125271528,1499972.2329210832,10.018924389728008,8.053529626158714e-06,5248.63194989619,0.060010036059855366,371774.1198933866,0.5516874226818327,125.04504580577212,446.6927727417227,301.315122807231,0.7155561848489581,50.13025115408288,101.05044934617803,1400.5099712904357,380.70277996996185,0.7046044750053228,18.36834614142789,0.7617681297639238,492.96129744157037,0.18600774937568806,0.0542211687091723,0.03993480991980808,0.059369210636666774,7.628183891869623,0.025597932523052428
0.77,70.24635303614204,1997004.239415683,0.5403048931200428,7.208461541940899,3.3692213948855418e-06,12246.773808578488,0.05761995496528832,1251848.4596879135,69.73632471254682,1499973.5733907,10.075145331605137,8.02666822555248e-06,5249.2955007828405,0.05979858899186089,369683.9401780922,0.5548261405556805,131.74245967522805,446.0075956769341,302.32255954872727,0.7161076810810393,50.169546693348785,100.9625694095136,1397.1711441117577,382.05196374338783,0.7048400028252247,18.416117906675115,0.7612293443802077,492.40010607138163,0.18548559058616168,0.05416417539516525,0.03983425620789428,0.05932079490032761,8.466750251547985,0.028411913595798612
0.78,69.85499158809857,1996969.7781533804,0.5428779470637385,7.257126638696276,3.3573745304518302e-06,12259.440355264918,0.0574282243695169,1245242.7479402118,69.31747760741779,1499974.9049814423,10.135058065934146,7.99832273448765e-06,5250.006468969113,0.05957557165973626,367482.03623440466,0.5581596479968137,139.00006393456974,445.28705832310175,303.3893378737969,0.7167126140192381,50.211461837354285,100.87014924277928,1393.6854625862998,383.4883189919681,0.7050902479585517,18.466930054221375,0.760658251324055,491.8062622285922,0.18493574817362185,0.05410378662452081,0.03972829991882318,0.05926948242486365,9.434326767525864,0.031658814656127056
0.79,69.44298161051069,1996935.5796467066,0.5455991751675952,7.309182429336403,3.3448993028594773e-06,12273.456769496024,0.05722709420467431,1238273.9350042103,68.87564400433726,1499976.2272134307,10.199041583172594,7.968365021904075e-06,5250.770118342112,0.05933999664609735,365159.0985571919,0.5617064100610528,146.8880902281715,444.52836398238446,304.52086701604435,0.7173783251187675,50.25627306972428,100.7728270677358,1390.043813939876,385.0207307042391,0.705356657279176,18.52108797332119,0.7600517895410691,491.17678024686245,0.1843559409986719,0.05403968275911553,0.039616489590061116,0.05921499935152353,10.556063752260558,0.03542303272570657
0.8,69.00860715368542,1996901.6577912231,0.5484816255400446,7.365002277297701,3.3317437721470476e-06,12289.017152572455,0.05701585630382085,1230910.5735522495,68.40883673664342,1499977.5395659534,10.267531654763713,7.936650324711325e-06,5251.592553137037,0.05909074978165255,362704.64470209024,0.5654874038827302,155.48793363118503,443.7283885713902,305.72328049456456,0.7181135041752889,50.30429966990813,100.67019768856764,1386.2363235592236,386.6594070254269,0.7056408862670821,18.578941973872602,0.7594064693517733,490.50827116867003,0.18374360445181862,0.05397149964733503,0.03949831700878373,0.059157033544448664,11.863155703444786,0.03980924732699592
0.81,68.54993940979726,1996868.0276445579,0.5515400202863757,7.425019251193112,3.317849655872029e-06,12306.352357383754,0.05679372419953342,1223117.1402074918,67.91481245886656,1499978.8414722346,10.341031755623991,7.90301451831338e-06,5252.480890333914,0.05882656963525351,360106.8335506937,0.5695265346466601,164.8944878855028,442.8836359434539,307.00355393903897,0.7189284997499963,50.3559121272386,100.56180643027744,1382.2523315529434,388.4161333285272,0.7059448377511598,18.640895801840188,0.7587182953736629,489.79687337323526,0.18309584850721536,0.053898820667200725,0.03937320867403265,0.05909522772126008,13.394581495833998,0.04494826005313422
0.8200000000000001,68.06480410545046,1996834.7055740037,0.5547910375751826,7.489738239240078,3.303151440903174e-06,12325.738696386208,0.05655982419187512,1214853.364043552,67.3910294856119,1499980.13231336,10.420126657273551,7.867270808701907e-06,5253.443476687751,0.05854602271895869,357352.24145761237,0.5738511411614294,175.21971851555688,441.99018459844575,308.36964456876944,0.7198357158439097,50.411542569566734,100.44714220956998,1378.0803930794048,390.3045964173104,0.7062707112407303,18.70741749482469,0.7579826685775494,489.0381647650143,0.1824094090132081,0.05382116661837215,0.039240515844166865,0.059029170724897814,15.199528416884345,0.051005128915719275
0.8300000000000001,67.55074085102774,1996801.7094268205,0.558253675417265,7.5597520573545856,3.2875751523500153e-06,12347.509383833965,0.05631318237370355,1206073.3752643,66.83459443025008,1499981.4114111303,10.505499849374443,7.829205536942181e-06,5254.490168904246,0.05824747206623361,354425.5784882519,0.578492623344906,186.59676150158012,441.043619074853,309.8306771968463,0.7208501337096692,50.471698577097136,100.32562793098262,1373.7082539079681,392.34079526106643,0.7066210651321098,18.779053107323232,0.7571942634498925,488.2270535202709,0.181680580995453,0.05373798305626121,0.0390995009701092,0.05895838658036829,17.340518535288112,0.05818965951438965
0.84,67.00494960575497,1996769.058730517,0.5619496352723035,7.635761258210791,3.2710370579201282e-06,12372.069373005168,0.0560527125374612,1196724.650410948,66.24219610739155,1499982.6780195925,10.597955783051837,7.788572955639385e-06,5255.63269549297,0.05792903820272847,351309.33682946156,0.5834872500830334,199.18625518705386,440.0389503591468,311.39715562739497,0.7219899906755082,50.53698024409773,100.19661037927257,1369.1229106691994,394.54357977296326,0.7069988981844612,18.856444699029428,0.7563468674593956,487.3576358443134,0.1809051459957358,0.053648623743092455,0.03894932278752682,0.05888232019450135,19.89819696771899,0.0667724730460369
0.85,66.42422755151185,1996736.7749291123,0.5659039298975853,7.718602359676304,3.2534415619343777e-06,12399.915706705433,0.05577719387521395,1186746.6356343112,65.61001948420855,1499983.931314836,10.69844917760675,7.745088411076946e-06,5256.885137051914,0.05758854823946355,347983.33186413045,0.5888771371613863,213.18316135778178,438.97050555809795,313.081276057257,0.7232777112260849,50.60810432053527,100.05934379013625,1364.3105804780675,396.9353439603978,0.7074077537076716,18.940353413559087,0.7554331774473376,486.423017604695,0.18007825789188664,0.05355232968561363,0.03878901313273664,0.05880031922660102,22.97714572958213,0.07710451587108097
0.86,65.80487790521252,1996704.88166987,0.5701453922711812,7.809281411992827,3.2346793927104878e-06,12431.664130431745,0.055485256872067366,1176069.0325589003,64.9336385421457,1499985.1703826431,10.808123117828936,7.698419790174354e-06,5258.264559902393,0.057223472230491075,344424.1307963621,0.5947115909633635,228.8263688460804,437.83181672559346,314.8972470296678,0.7247411302884251,50.68593317667479,99.91297570956336,1359.2569544898527,399.54293730669013,0.7078518559047471,19.031689751121245,0.7544445351519212,485.4150850351277,0.1791943366323718,0.053448201935854964,0.03861745494963522,0.058711610548493866,26.715852701470563,0.08965051242104216
0.87,65.142620055331,1996673.405147652,0.5747077669822932,7.909024488697085,3.2146242285001165e-06,12468.087080503166,0.055175349747873165,1164609.6041632537,64.20787928927012,1499986.3942033998,10.92835962500403,7.648176508796025e-06,5259.79186880413,0.056830841477029895,340604.3212909173,0.6010485767667614,246.41261906834413,436.6154500979496,316.86180510852,0.7264152378767609,50.771517952564416,99.75652067198122,1353.9472946888395,402.39889146538377,0.7083362927554587,19.131554231483122,0.7533705748828246,484.324202124351,0.1782468816453783,0.053335165389161616,0.03843334428681029,0.05861526889530407,31.29837963445528,0.105028119578709
0.88,64.43243120868551,1996642.3745302346,0.5796304003494737,8.01933901781146,3.193129972099156e-06,12510.164820017295,0.05484572209636128,1152271.2841945959,63.426639465331455,1499987.6016333997,11.0608483245485,7.593894943985606e-06,5261.4929797934,0.056407140712275684,336491.5479288173,0.6079570113791396,266.3157769067351,435.31283665747526,318.9947307777486,0.7283445402088691,50.86615149270523,99.58883893885071,1348.3671246508845,405.5430975883789,0.7088672652168485,19.24129286801715,0.7521987473784814,483.13880607334187,0.1772283039433766,0.05321191990972122,0.038235155281497735,0.058510174514820004,36.976133874956886,0.12408098615757343
0.89,63.66839113449633,1996611.8224797603,0.5849600866705494,8.142108216592383,3.170025537633022e-06,12559.161233986251,0.05449438033546176,1138938.321233295,62.58264836520429,1499988.7913813526,11.207681270288907,7.5350189056009116e-06,5263.400462915166,0.05594816398198623,332047.2269041763,0.6155192614846201,289.01407388075063,433.9140102493362,321.3196940200952,0.730586559529684,50.97144929961074,99.40859582915614,1342.5028516339898,409.02514202739724,0.7094524330911065,19.362574222528206,0.7509136654003962,481.84485818469824,0.1761296254181722,0.05307687323565712,0.038021078487600175,0.05839495498580006,44.095694339934525,0.14797212865749843
0.9,62.84342055804847,1996581.7858162639,0.5907525541231727,8.279721206574793,3.1451090157527878e-06,12616.733935618777,0.054119049446471335,1124471.0572477733,61.66714209468744,1499989.9619784066,11.371486450484825,7.470873042713127e-06,5265.555891361597,0.055448819017047325,327224.8055418488,0.623834976380417,315.1305028531833,432.4073022605696,323.86528755803033,0.7332169366632518,51.08946155785941,99.21421620073245,1336.3431801496063,412.90763610166545,0.7101014068142082,19.497498969402685,0.7494961835585585,480.4250821972726,0.17494012296090472,0.05292804675018366,0.037788947160275935,0.05826790344446244,53.14577841610053,0.1783415383090622
0.91,61.94894068264496,1996552.306363225,0.5970747556638435,8.435252065745217,3.1181419928709812e-06,12685.095792727407,0.0537171603143818,1108698.6971265115,60.66941408007892,1499991.111739228,11.55562037826894,7.400625806329245e-06,5268.013286796086,0.05490285571078859,321967.3521337975,0.6330261190617451,345.4937755672045,430.77900066916817,326.66621280138617,0.7363369478841286,51.22282803301764,99.00384013329196,1329.8820207004135,417.27109936175066,0.7108264676222597,19.64876015536563,0.7479220677667004,478.8578789700532,0.17364694101021588,0.05276293939978131,0.037536155569256144,0.05812686039892815,64.8388255592324,0.2175799515410483
0.92,60.974485781267695,1996523.432040752,0.6040096294592132,8.612775804657069,3.0888343942001327e-06,12767.285510726093,0.0532857335576588,1091409.011074381,59.57617649130001,1499992.2387103674,11.764454109519692,7.323236409227577e-06,5270.844326063214,0.054302478641677365,316204.12342465017,0.6432429633904085,381.23628444180827,429.01271411026715,329.765699870711,0.7400860975936698,51.3750503445122,98.77520468541472,1323.1214964711999,422.2213655243649,0.7116436597651928,19.819885608940528,0.7461600063921232,477.1157296067239,0.1722341888241431,0.05257832454486437,0.03725947385426106,0.0579690371591181,80.21914739432134,0.2691917697796018
0.93,59.90683243961869,1996495.2183536359,0.6116573169486551,8.817755241837139,3.056841255400098e-06,12867.561771639268,0.05282150329191971,1072333.1704464776,58.370620065292,1499993.3405999616,12.003812876842323,7.237376307495394e-06,5274.146493223625,0.0536377755194378,309845.50985151477,0.6546757799914028,423.9549944871045,427.0889658822219,333.21705338434754,0.7446606254762379,51.55083113370724,98.52561870941253,1316.0819859086675,427.90127733206504,0.7125745186493269,20.01561973158603,0.7441685159725814,475.16275299262526,0.17068249726131948,0.05236993431337823,0.03695494822471183,0.05779074127471787,100.92710626611755,0.3386815646514012
0.9400000000000001,58.729341416741576,1996467.7303571166,0.6201485854034795,9.057872117195844,3.021728615496076e-06,12992.16375914109,0.052320699079368566,1051122.4955361383,57.030976404267854,1499994.4146788884,12.2816803853574,7.141308215803738e-06,5278.0563969423165,0.052895839697446136,302775.2848663614,0.6675650882479474,475.995742732393,424.9839371002689,337.0890524597652,0.7503491677099643,51.756798520455966,98.2516967739865,1308.8125745665657,434.51007996541426,0.713648949454619,20.242554962718334,0.7418908887624471,472.95079144606643,0.16896689419943078,0.05213194491351446,0.036617464420896376,0.05758692848550539,129.53803612731917,0.43469139640039994
0.9500000000000001,57.41978114700088,1996441.0455640098,0.6296448822358575,9.3441436346026,2.982970890347404e-06,13150.535933467934,0.05177949180866996,1027311.0321628979,55.528206042490275,1499995.4576360872,12.609385159562644,7.032690490419972e-06,5282.7726782779255,0.05205935664302147,294838.13038472505,0.6822291771687774,540.9897839870449,422.6687892549627,341.46884875215886,0.7575907856908339,52.00250306615795,97.94933867404147,1301.4232107279681,442.33769945976303,0.7149103559726683,20.510245178799185,0.7392463990234035,470.41273157846615,0.16705581467989303,0.05185608206515109,0.03624052056029762,0.05735042338843461,170.4994082053087,0.5721456651184855
0.96,55.94834251100956,1996415.2580514676,0.6403682157607548,9.693431168052046,2.9398919685965103e-06,13357.944849253934,0.05119405349163239,1000251.2576886287,53.82203512104306,1499996.4653553166,13.003732869741587,6.908239815635151e-06,5288.598109005964,0.051104175118320064,285818.2055544402,0.6990903984304796,624.9719748596382,420.1074177938066,346.47247132499257,0.7670991472807589,52.30266776894624,97.61326990637471,1294.135870898551,451.8305803506668,0.716425615035369,20.833339382217904,0.7361136726872264,467.45013839338657,0.16490656321524141,0.05152993159227604,0.035815277487824794,0.057070446600538595,231.75994742741884,0.7777179443873115
0.97,54.271748753677876,1996390.4851067015,0.6526117615812989,10.132929661774266,2.8916530788166215e-06,13640.80007907622,0.050562207833474676,968993.9010127436,51.853558732846025,1499997.4325453513,13.491176966520781,6.763098914183269e-06,5296.023910734935,0.049994769601323936,275399.0866505708,0.7187448528436634,739.0535304721308,417.2541919701212,352.2523650053409,0.7801174678940461,52.68134014830203,97.23694701845093,1287.4173565501856,463.7339792704441,0.7183070346915486,21.236185060278153,0.7322952630110603,463.9074780086303,0.1624611647604637,0.05113334557416317,0.03532963286011429,0.056729479722709364,329.39247711001036,1.105343882919498
0.98,52.32380160074865,1996366.87809151,0.6668064628887918,10.711133228764838,2.8371962944160635e-06,14050.217964425594,0.04988686362529768,932034.1339979463,49.529646099351325,1499998.3520610824,14.117008464975141,6.589499678612723e-06,5305.920246625261,0.0486746726278348,263079.1643188901,0.7420683201486443,907.2374752552948,414.0461359745998,359.01345204518935,0.7990726104535387,53.18229959788371,96.81211687691633,1282.300551698354,479.45971206625376,0.7207705924013826,21.764712604297184,0.7274272811307182,459.5077444656476,0.15963482567655632,0.050629285314171046,0.03476570736099793,0.05629527375296947,500.60906454409,1.6798961897452687
0.99,49.98872328971201,1996344.642998348,0.6836070319095474,11.527320602037346,2.7753641083877784e-06,14702.702062979932,0.049189358717732126,886667.1729741696,46.683402449843136,1499999.2134404853,14.969598396259656,6.37337158985765e-06,5320.0520914987455,0.04704224785802434,247956.84398983384,0.7705001519174683,1178.1705258651093,410.42469751424574,367.0118932178001,0.8295564867204428,53.89837049958979,96.32974949825196,1281.3958471973713,501.9711470127455,0.7242843415860729,22.51468627568144,0.7207825396735362,453.73284426916297,0.15629563268931146,0.049944090954555265,0.03409520970012684,0.05570352689428434,845.8716072446089,2.8384953263241908
1.0,47.07509895009354,1996324.0851907446,0.7041033975511155,12.814370987820434,2.707288151263534e-06,15924.680060990528,0.04887964152841684,827761.6819412571,43.0,1500000.0,16.24389532376879,6.0875508991890356e-06,5342.554681334617,0.04490373695378329,228321.6804406567,0.8061881593323101,,,,,,,,,,,,,,,,,,
